PRICEGROUP,SUBSIDIARYID,PRICERULEID,PRODUCTID
LES-SEG-HOOG,1,2,617800
IPS-TOPPER,1,1,665664
INK-HP-PRIMARY,1,2,140338
LES-SEG-HOOG,1,2,609109
INK-HP-PRIMARY,1,2,139819
LES-SEG-HOOG,1,2,608952
IPS-SEG-LAAG,1,1,668768
IPS-SEG-MID2,1,1,665796
LES-SEG-HOOG,1,2,608855
INK-HP-PRIMARY,1,2,412154
LES-SEG-HOOG,1,2,609000
INK-OTHER-ATTACHED,1,2,707452
INK-HP-ATTACHED,1,2,605162
INK-HP-PRIMARY,1,2,67278
INK-HP-ATTACHED,1,2,509903
IPS-SEG-MID1,1,1,665640
IPS-SEG-MID2,1,1,660232
INK-HP-PRIMARY,1,2,105608
LES-SEG-MID,1,2,618659
IPS-SEG-MID1,1,1,647044
INK-HP-PRIMARY,1,2,105607
INK-HP-ATTACHED,1,2,509917
INK-HP-ATTACHED,1,2,605153
INK-OTHER-ATTACHED,1,2,284264
IPS-SEG-MID2,1,1,315691
IPS-TOPPER,1,1,283875
LES-SEG-MID,1,2,618661
INK-HP-ATTACHED,1,2,605163
IPS-SEG-MID1,1,1,660227
INK-HP-ATTACHED,1,2,688856
INK-HP-ATTACHED,1,2,605164
INK-OTHER-ATTACHED,1,2,715710
INK-HP-PRIMARY,1,2,170209
LES-SEG-HOOG,1,2,683699
LES-SEG-MID,1,2,388542
INK-OTHER-PRIMARY,1,2,283225
LES-SEG-HOOG,1,2,683696
LES-SEG-MID,1,2,436512
LES-SEG-LAAG,1,1,665035
IPS-SEG-MID2,1,1,529920
LES-SEG-HOOG,1,2,683700
INK-OTHER-PRIMARY,1,2,532115
LES-TOPPER,1,1,618472
INK-HP-PRIMARY,1,2,412151
IPS-TOPPER,1,1,660217
LES-SEG-HOOG,1,2,618634
INK-OTHER-PRIMARY,1,2,273202
INK-OTHER-ATTACHED,1,2,665611
INK-HP-PRIMARY,1,2,454408
LES-SEG-HOOG,1,2,717584
INK-HP-ATTACHED,1,2,105614
INK-OTHER-PRIMARY,1,2,607657
INK-OTHER-ATTACHED,1,2,532116
IPS-SEG-MID1,1,1,518933
INK-OTHER-PRIMARY,1,2,532132
TONER-HP-ATTACHED,1,2,614835
TONER-OTHER-ATTACHED,1,2,383098
INK-OTHER-ATTACHED,1,2,660284
IPS-SEG-MID1,1,1,660229
INK-OTHER-PRIMARY,1,2,326926
INK-OTHER-ATTACHED,1,2,532134
LES-SEG-MID,1,2,388304
LES-SEG-HOOG,1,2,472404
INK-OTHER-ATTACHED,1,2,532135
INK-OTHER-ATTACHED,1,2,660309
IPS-SEG-MID1,1,1,669178
IPS-SEG-MID1,1,1,665683
INK-OTHER-PRIMARY,1,2,524712
INK-OTHER-ATTACHED,1,2,607638
INK-OTHER-PRIMARY,1,2,284862
TONER-HP-PRIMARY,1,2,451568
LES-SEG-HOOG,1,2,683702
LES-SEG-HOOG,1,2,683703
TONER-OTHER-PRIMARY,1,2,715695
TONER-HP-ATTACHED,1,2,614875
LES-SEG-HOOG,1,2,683701
TONER-HP-ATTACHED,1,2,614884
TONER-HP-ATTACHED,1,2,614886
LES-SEG-MID,1,2,633570
LES-SEG-HOOG,1,2,316026
IPS-SEG-HOOG,1,2,236845
TONER-HP-ATTACHED,1,2,426647
IPS-SEG-HOOG,1,2,236846
IPS-SEG-MID1,1,1,660228
IPS-TOPPER,1,1,507016
TONER-HP-PRIMARY,1,2,614820
INK-OTHER-ATTACHED,1,2,673020
LES-SEG-HOOG,1,2,664796
IPS-SEG-MID2,1,1,660243
IPS-SEG-MID1,1,1,671233
TONER-OTHER-ATTACHED,1,2,605736
INK-OTHER-PRIMARY,1,2,673023
INK-OTHER-ATTACHED,1,2,109797
TONER-OTHER-ATTACHED,1,2,605619
IPS-TOPPER,1,1,671243
TONER-OTHER-ATTACHED,1,2,606749
TONER-HP-ATTACHED,1,2,451576
INK-OTHER-PRIMARY,1,2,155373
IPS-SEG-MID2,1,1,477859
TONER-HP-ATTACHED,1,2,451593
INK-OTHER-PRIMARY,1,2,157468
TONER-HP-ATTACHED,1,2,472672
INK-OTHER-ATTACHED,1,2,538714
INK-OTHER-ATTACHED,1,2,451858
TONER-HP-ATTACHED,1,2,451613
INK-OTHER-PRIMARY,1,2,532445
INK-HP-ATTACHED,1,2,509773
TONER-HP-ATTACHED,1,2,106304
INK-HP-ATTACHED,1,2,728490
LES-SEG-HOOG,1,2,572938
INK-HP-ATTACHED,1,2,728500
INK-OTHER-ATTACHED,1,2,283238
INK-HP-ATTACHED,1,2,169985
TONER-OTHER-PRIMARY,1,2,231258
INK-HP-ATTACHED,1,2,67282
INK-OTHER-ATTACHED,1,2,451844
INK-HP-ATTACHED,1,2,619997
LES-SEG-MID,1,2,665048
INK-OTHER-ATTACHED,1,2,109925
IPS-SEG-HOOG,1,2,664541
TONER-OTHER-ATTACHED,1,2,605621
TONER-HP-ATTACHED,1,2,685868
INK-OTHER-ATTACHED,1,2,715705
INK-OTHER-ATTACHED,1,2,61222
IPS-BSINK,1,1,539097
INK-OTHER-ATTACHED,1,2,233270
TONER-OTHER-PRIMARY,1,2,605642
INK-HP-ATTACHED,1,2,728509
INK-HP-PRIMARY,1,2,59815
IPS-SEG-MID1,1,1,429778
IPS-SEG-MID2,1,1,530389
INK-HP-PRIMARY,1,2,105613
IPS-SEG-MID2,1,1,507018
IPS-SEG-MID1,1,1,647193
INK-OTHER-PRIMARY,1,2,227741
IPS-SEG-HOOG,1,2,580078
INK-OTHER-ATTACHED,1,2,668719
TONER-OTHER-PRIMARY,1,2,116935
INK-OTHER-ATTACHED,1,2,233281
INK-OTHER-PRIMARY,1,2,227709
IPS-SEG-MID1,1,1,703761
TONER-OTHER-ATTACHED,1,2,532415
IPS-SEG-MID2,1,1,694577
LES-SEG-LAAG,1,1,500484
TONER-HP-ATTACHED,1,2,614885
TONER-OTHER-ATTACHED,1,2,492175
INK-OTHER-ATTACHED,1,2,157487
INK-OTHER-ATTACHED,1,2,109799
IPS-SEG-MID1,1,1,665623
TONER-OTHER-ATTACHED,1,2,532317
INK-HP-ATTACHED,1,2,728517
INK-OTHER-PRIMARY,1,2,660317
IPS-SEG-MID2,1,1,409772
INK-OTHER-ATTACHED,1,2,707446
INK-HP-PRIMARY,1,2,509910
IPS-TOPPER,1,1,365359
INK-HP-PRIMARY,1,2,470528
TONER-HP-ATTACHED,1,2,472734
INK-HP-ATTACHED,1,2,509892
IPS-SEG-MID2,1,1,526510
INK-HP-ATTACHED,1,2,728512
LES-SEG-MID,1,2,664768
LES-SEG-LAAG,1,1,387095
TONER-HP-ATTACHED,1,2,614872
INK-OTHER-ATTACHED,1,2,283188
INK-HP-PRIMARY,1,2,52993
INK-HP-PRIMARY,1,2,332554
TONER-HP-ATTACHED,1,2,614883
INK-OTHER-ATTACHED,1,2,665655
IPS-TOPPER,1,1,671250
TONER-HP-ATTACHED,1,2,472754
INK-OTHER-ATTACHED,1,2,283186
IPS-SEG-MID1,1,1,703762
LES-SEG-LAAG,1,1,665005
IPS-SEG-HOOG,1,2,510716
INK-OTHER-ATTACHED,1,2,283202
INK-HP-ATTACHED,1,2,728455
INK-OTHER-ATTACHED,1,2,273013
IPS-SEG-MID2,1,1,477781
TONER-OTHER-ATTACHED,1,2,633586
TONER-HP-ATTACHED,1,2,289753
INK-OTHER-ATTACHED,1,2,380823
IPS-SEG-HOOG,1,2,579395
INK-HP-ATTACHED,1,2,59816
INK-OTHER-PRIMARY,1,2,668714
INK-OTHER-PRIMARY,1,2,284868
TONER-HP-ATTACHED,1,2,472712
IPS-SEG-MID1,1,1,671261
IPS-SEG-MID1,1,1,703764
TONER-OTHER-ATTACHED,1,2,382987
LES-SEG-MID,1,2,500486
TONER-OTHER-ATTACHED,1,2,231271
INK-OTHER-ATTACHED,1,2,283210
TONER-OTHER-ATTACHED,1,2,606758
TONER-OTHER-ATTACHED,1,2,273490
INK-OTHER-ATTACHED,1,2,532113
IPS-TOPPER,1,1,510036
INK-HP-ATTACHED,1,2,728466
INK-OTHER-PRIMARY,1,2,107706
LES-SEG-MID,1,2,494228
LES-SEG-MID,1,2,485330
IPS-SEG-MID2,1,1,525654
INK-HP-ATTACHED,1,2,53773
INK-OTHER-PRIMARY,1,2,532088
IPS-SEG-MID2,1,1,510119
INK-OTHER-PRIMARY,1,2,227531
INK-OTHER-ATTACHED,1,2,127536
INK-OTHER-PRIMARY,1,2,524797
INK-OTHER-PRIMARY,1,2,501059
TONER-HP-ATTACHED,1,2,174558
INK-OTHER-ATTACHED,1,2,61216
LES-SEG-HOOG,1,2,415694
TONER-OTHER-ATTACHED,1,2,231269
TONER-OTHER-ATTACHED,1,2,231274
TONER-HP-ATTACHED,1,2,685870
LES-SEG-HOOG,1,2,617925
INK-OTHER-ATTACHED,1,2,61221
TONER-OTHER-ATTACHED,1,2,606559
TONER-HP-PRIMARY,1,2,227371
TONER-HP-ATTACHED,1,2,685873
TONER-HP-ATTACHED,1,2,685876
TONER-OTHER-PRIMARY,1,2,236540
INK-HP-ATTACHED,1,2,728460
LES-SEG-HOOG,1,2,617970
INK-OTHER-ATTACHED,1,2,61223
INK-HP-PRIMARY,1,2,454437
TONER-OTHER-ATTACHED,1,2,532423
LES-SEG-MID,1,2,494283
INK-OTHER-ATTACHED,1,2,665657
INK-HP-ATTACHED,1,2,509747
LES-SEG-HOOG,1,2,664808
INK-HP-ATTACHED,1,2,170176
INK-OTHER-PRIMARY,1,2,660303
INK-HP-PRIMARY,1,2,53136
LES-SEG-HOOG,1,2,683704
INK-OTHER-ATTACHED,1,2,233357
TONER-OTHER-ATTACHED,1,2,605683
INK-OTHER-PRIMARY,1,2,171288
TONER-OTHER-ATTACHED,1,2,492128
IPS-SEG-MID2,1,1,519132
LES-SEG-MID,1,2,393337
LES-SEG-MID,1,2,485485
INK-OTHER-ATTACHED,1,2,673404
TONER-HP-PRIMARY,1,2,346596
INK-OTHER-PRIMARY,1,2,284244
INK-OTHER-PRIMARY,1,2,146876
INK-OTHER-PRIMARY,1,2,524775
INK-OTHER-ATTACHED,1,2,673294
TONER-HP-ATTACHED,1,2,137403
TONER-OTHER-ATTACHED,1,2,532302
INK-OTHER-ATTACHED,1,2,729788
INK-HP-ATTACHED,1,2,332578
INK-HP-ATTACHED,1,2,169983
INK-OTHER-ATTACHED,1,2,665653
INK-OTHER-ATTACHED,1,2,729751
IPS-SEG-MID1,1,1,669181
TONER-OTHER-ATTACHED,1,2,236552
TONER-OTHER-PRIMARY,1,2,325837
INK-HP-ATTACHED,1,2,332605
LES-SEG-HOOG,1,2,683705
INK-OTHER-ATTACHED,1,2,665646
INK-HP-ATTACHED,1,2,728477
TONER-OTHER-ATTACHED,1,2,606760
IPS-SEG-HOOG,1,2,387051
IPS-SEG-LAAG,1,1,380410
TONER-OTHER-ATTACHED,1,2,606763
TONER-OTHER-ATTACHED,1,2,606762
INK-OTHER-PRIMARY,1,2,232375
INK-OTHER-ATTACHED,1,2,660319
TONER-HP-ATTACHED,1,2,470682
TONER-OTHER-ATTACHED,1,2,605614
TONER-OTHER-ATTACHED,1,2,606569
INK-OTHER-PRIMARY,1,2,445579
TONER-OTHER-ATTACHED,1,2,606568
TONER-OTHER-ATTACHED,1,2,273495
TONER-OTHER-ATTACHED,1,2,532289
TONER-HP-PRIMARY,1,2,346566
LES-SEG-LAAG,1,1,380888
INK-OTHER-ATTACHED,1,2,730334
IPS-SEG-MID1,1,1,433966
TONER-OTHER-ATTACHED,1,2,325843
TONER-OTHER-ATTACHED,1,2,273505
LES-SEG-HOOG,1,2,616429
LES-SEG-HOOG,1,2,616428
LES-SEG-MID,1,2,315657
INK-OTHER-ATTACHED,1,2,273189
IPS-SEG-MID2,1,1,526071
LES-SEG-HOOG,1,2,616430
INK-HP-ATTACHED,1,2,52996
TONER-OTHER-PRIMARY,1,2,390458
INK-OTHER-ATTACHED,1,2,107702
INK-HP-ATTACHED,1,2,170190
TONER-OTHER-ATTACHED,1,2,569243
LES-SEG-MID,1,2,494325
INK-OTHER-ATTACHED,1,2,730351
INK-OTHER-ATTACHED,1,2,730338
TONER-HP-PRIMARY,1,2,289968
TONER-OTHER-ATTACHED,1,2,605611
INK-OTHER-ATTACHED,1,2,730350
INK-HP-PRIMARY,1,2,73055
INK-OTHER-PRIMARY,1,2,157460
IPS-SEG-HOOG,1,2,660264
INK-HP-ATTACHED,1,2,170192
TONER-OTHER-ATTACHED,1,2,605615
LES-SEG-MID,1,2,377848
INK-OTHER-ATTACHED,1,2,107708
LES-SEG-HOOG,1,2,616431
INK-HP-ATTACHED,1,2,332567
INK-OTHER-ATTACHED,1,2,524659
TONER-OTHER-PRIMARY,1,2,236768
INK-HP-PRIMARY,1,2,54692
INK-OTHER-ATTACHED,1,2,665650
INK-OTHER-ATTACHED,1,2,71627
TONER-OTHER-ATTACHED,1,2,325839
TONER-OTHER-ATTACHED,1,2,325838
INK-OTHER-ATTACHED,1,2,62737
INK-HP-PRIMARY,1,2,67265
TONER-OTHER-ATTACHED,1,2,532411
TONER-HP-PRIMARY,1,2,53127
INK-OTHER-ATTACHED,1,2,730340
LES-SEG-LAAG,1,1,500473
LES-SEG-HOOG,1,2,616416
TONER-HP-PRIMARY,1,2,62335
INK-OTHER-ATTACHED,1,2,233206
TONER-OTHER-ATTACHED,1,2,532419
TONER-OTHER-ATTACHED,1,2,532418
INK-OTHER-ATTACHED,1,2,673017
INK-OTHER-PRIMARY,1,2,66781
IPS-SEG-MID2,1,1,471142
TONER-OTHER-ATTACHED,1,2,633582
INK-HP-ATTACHED,1,2,724966
TONER-OTHER-ATTACHED,1,2,273499
IPS-SEG-HOOG,1,2,461584
INK-OTHER-ATTACHED,1,2,730349
TONER-OTHER-ATTACHED,1,2,532417
INK-HP-ATTACHED,1,2,170197
INK-HP-PRIMARY,1,2,170172
INK-OTHER-ATTACHED,1,2,730341
INK-HP-PRIMARY,1,2,170185
TONER-OTHER-PRIMARY,1,2,605851
INK-HP-PRIMARY,1,2,67266
INK-HP-PRIMARY,1,2,454522
INK-OTHER-ATTACHED,1,2,730344
INK-HP-ATTACHED,1,2,76476
INK-HP-ATTACHED,1,2,509774
INK-HP-ATTACHED,1,2,509776
INK-HP-ATTACHED,1,2,509775
INK-OTHER-ATTACHED,1,2,283150
TONER-OTHER-ATTACHED,1,2,605649
INK-OTHER-ATTACHED,1,2,665644
IPS-SEG-LAAG,1,1,380396
INK-OTHER-ATTACHED,1,2,660278
INK-HP-ATTACHED,1,2,332561
INK-OTHER-ATTACHED,1,2,559896
INK-OTHER-PRIMARY,1,2,61981
TONER-OTHER-ATTACHED,1,2,236551
INK-HP-ATTACHED,1,2,728531
INK-HP-ATTACHED,1,2,54694
INK-OTHER-ATTACHED,1,2,693932
TONER-HP-ATTACHED,1,2,519761
TONER-HP-ATTACHED,1,2,289967
INK-OTHER-ATTACHED,1,2,729797
INK-OTHER-ATTACHED,1,2,127522
TONER-OTHER-PRIMARY,1,2,369928
TONER-HP-ATTACHED,1,2,685862
TONER-HP-ATTACHED,1,2,685861
TONER-HP-ATTACHED,1,2,685867
TONER-OTHER-ATTACHED,1,2,605680
TONER-OTHER-ATTACHED,1,2,196359
INK-OTHER-PRIMARY,1,2,146879
LES-SEG-MID,1,2,62183
INK-HP-ATTACHED,1,2,76472
INK-OTHER-PRIMARY,1,2,61982
INK-OTHER-ATTACHED,1,2,273258
TONER-OTHER-ATTACHED,1,2,110147
IPS-BSINK,1,1,500580
TONER-OTHER-ATTACHED,1,2,236536
TONER-OTHER-PRIMARY,1,2,532391
TONER-HP-ATTACHED,1,2,289960
IPS-SEG-LAAG,1,1,729916
TONER-HP-PRIMARY,1,2,227389
TONER-OTHER-ATTACHED,1,2,606567
TONER-OTHER-ATTACHED,1,2,573284
TONER-OTHER-ATTACHED,1,2,236548
TONER-OTHER-ATTACHED,1,2,605737
LES-SEG-MID,1,2,461565
LES-SEG-HOOG,1,2,616333
INK-OTHER-ATTACHED,1,2,673018
INK-HP-PRIMARY,1,2,455759
INK-OTHER-ATTACHED,1,2,61714
LES-SEG-HOOG,1,2,316030
LES-SEG-HOOG,1,2,316035
SCAN-LAAG,1,2,510844
INK-HP-ATTACHED,1,2,454721
TONER-OTHER-ATTACHED,1,2,605739
INK-OTHER-PRIMARY,1,2,233105
LES-SEG-MID,1,2,315414
INK-HP-ATTACHED,1,2,410364
LES-SEG-HOOG,1,2,419410
SCAN-LAAG,1,2,361189
INK-OTHER-ATTACHED,1,2,524720
LES-SEG-HOOG,1,2,420189
LES-SEG-MID,1,2,500485
INK-HP-ATTACHED,1,2,59817
INK-HP-ATTACHED,1,2,332602
INK-HP-ATTACHED,1,2,332614
LES-SEG-HOOG,1,2,436819
TONER-OTHER-ATTACHED,1,2,605740
INK-HP-ATTACHED,1,2,135545
TONER-HP-ATTACHED,1,2,685856
TONER-OTHER-ATTACHED,1,2,235580
INK-HP-ATTACHED,1,2,509755
INK-HP-ATTACHED,1,2,509770
IPS-SEG-MID1,1,1,438334
INK-HP-ATTACHED,1,2,54695
TONER-OTHER-ATTACHED,1,2,633574
TONER-OTHER-ATTACHED,1,2,633580
TONER-OTHER-ATTACHED,1,2,605827
LES-SEG-MID,1,2,142224
TONER-HP-ATTACHED,1,2,80449
INK-OTHER-ATTACHED,1,2,532319
INK-OTHER-PRIMARY,1,2,61717
TONER-OTHER-ATTACHED,1,2,498283
TONER-OTHER-ATTACHED,1,2,125370
INK-HP-PRIMARY,1,2,468619
IPS-SEG-MID2,1,1,665879
TONER-HP-ATTACHED,1,2,685858
TONER-OTHER-ATTACHED,1,2,532473
INK-OTHER-ATTACHED,1,2,283234
TONER-HP-ATTACHED,1,2,174567
TONER-HP-ATTACHED,1,2,80450
TONER-HP-ATTACHED,1,2,80448
INK-OTHER-PRIMARY,1,2,191804
INK-HP-ATTACHED,1,2,59825
INK-HP-ATTACHED,1,2,169986
SCAN-LAAG,1,2,510850
INK-OTHER-ATTACHED,1,2,673411
INK-HP-PRIMARY,1,2,54693
INK-OTHER-ATTACHED,1,2,441045
INK-OTHER-ATTACHED,1,2,451768
LES-SEG-MID,1,2,629498
LES-SEG-MID,1,2,496200
TONER-OTHER-PRIMARY,1,2,116934
TONER-OTHER-ATTACHED,1,2,236559
SCAN-LAAG,1,2,352309
LES-SEG-MID,1,2,569356
INK-OTHER-PRIMARY,1,2,673021
INK-HP-ATTACHED,1,2,76470
LES-SEG-MID,1,2,142206
TONER-OTHER-ATTACHED,1,2,532398
INK-OTHER-PRIMARY,1,2,273245
LES-SEG-MID,1,2,522074
LES-SEG-MID,1,2,522710
INK-HP-ATTACHED,1,2,73321
INK-OTHER-ATTACHED,1,2,554114
INK-OTHER-ATTACHED,1,2,554118
INK-OTHER-ATTACHED,1,2,554147
TONER-OTHER-PRIMARY,1,2,664885
TONER-OTHER-PRIMARY,1,2,532393
TONER-OTHER-ATTACHED,1,2,543548
TONER-HP-ATTACHED,1,2,171431
LES-SEG-MID,1,2,522115
LES-SEG-MID,1,2,236714
LES-SEG-HOOG,1,2,411360
TONER-OTHER-ATTACHED,1,2,532403
TONER-HP-ATTACHED,1,2,52982
IPS-SEG-HOOG,1,2,660691
INK-HP-PRIMARY,1,2,454712
SCAN-LAAG,1,2,365459
INK-OTHER-PRIMARY,1,2,34244
SCAN-LAAG,1,2,624053
INK-OTHER-ATTACHED,1,2,61712
INK-OTHER-ATTACHED,1,2,660285
TONER-OTHER-ATTACHED,1,2,573302
INK-HP-ATTACHED,1,2,468492
TONER-OTHER-ATTACHED,1,2,236556
TONER-OTHER-PRIMARY,1,2,532407
TONER-OTHER-ATTACHED,1,2,327065
INK-HP-ATTACHED,1,2,455742
TONER-OTHER-ATTACHED,1,2,532431
INK-HP-PRIMARY,1,2,454391
LES-SEG-MID,1,2,683707
LES-SEG-HOOG,1,2,683709
INK-OTHER-ATTACHED,1,2,127533
INK-HP-ATTACHED,1,2,76474
INK-OTHER-ATTACHED,1,2,532098
LES-SEG-MID,1,2,474425
LES-SEG-HOOG,1,2,543728
IPS-SEG-MID2,1,1,665894
INK-OTHER-PRIMARY,1,2,232330
INK-OTHER-PRIMARY,1,2,451778
LES-SEG-HOOG,1,2,494496
LES-SEG-HOOG,1,2,688489
SCAN-LAAG,1,2,365022
INK-OTHER-PRIMARY,1,2,532101
TONER-OTHER-ATTACHED,1,2,110146
TONER-OTHER-ATTACHED,1,2,236544
LES-SEG-MID,1,2,683708
INK-OTHER-ATTACHED,1,2,532102
TONER-OTHER-ATTACHED,1,2,386516
TONER-OTHER-ATTACHED,1,2,543536
INK-HP-ATTACHED,1,2,62332
INK-OTHER-PRIMARY,1,2,532161
TONER-OTHER-PRIMARY,1,2,709839
IPS-SEG-HOOG,1,2,617321
INK-OTHER-ATTACHED,1,2,553971
TONER-HP-ATTACHED,1,2,134394
TONER-OTHER-ATTACHED,1,2,110149
INK-HP-ATTACHED,1,2,509768
LES-SEG-HOOG,1,2,717589
TONER-OTHER-ATTACHED,1,2,124614
INK-OTHER-ATTACHED,1,2,532099
INK-OTHER-PRIMARY,1,2,405977
INK-OTHER-ATTACHED,1,2,532097
INK-OTHER-PRIMARY,1,2,532163
INK-HP-PRIMARY,1,2,170159
TONER-OTHER-PRIMARY,1,2,532410
LES-SEG-HOOG,1,2,688476
INK-HP-ATTACHED,1,2,67279
TONER-HP-PRIMARY,1,2,289957
INK-OTHER-ATTACHED,1,2,524755
INK-OTHER-ATTACHED,1,2,524756
INK-OTHER-ATTACHED,1,2,524772
INK-OTHER-PRIMARY,1,2,524793
INK-HP-PRIMARY,1,2,53814
LES-SEG-HOOG,1,2,717590
LES-SEG-MID,1,2,485461
TONER-OTHER-ATTACHED,1,2,71101
IPS-SEG-MID2,1,1,507001
TONER-OTHER-ATTACHED,1,2,189171
INK-HP-ATTACHED,1,2,53912
TONER-HP-ATTACHED,1,2,609434
INK-OTHER-ATTACHED,1,2,707454
LES-SEG-HOOG,1,2,571586
TONER-OTHER-ATTACHED,1,2,125376
TONER-OTHER-PRIMARY,1,2,236771
SCAN-LAAG,1,2,365349
TONER-OTHER-ATTACHED,1,2,605836
LES-SEG-MID,1,2,573146
INK-OTHER-PRIMARY,1,2,284885
TONER-OTHER-PRIMARY,1,2,87625
LES-SEG-MID,1,2,436198
LES-SEG-MID,1,2,424805
LES-SEG-LAAG,1,1,414942
IPS-SEG-HOOG,1,2,409775
INK-HP-ATTACHED,1,2,724973
LES-SEG-MID,1,2,573156
INK-HP-ATTACHED,1,2,273561
LES-SEG-MID,1,2,435906
TONER-HP-ATTACHED,1,2,614815
TONER-OTHER-ATTACHED,1,2,605717
INK-OTHER-PRIMARY,1,2,107712
INK-HP-ATTACHED,1,2,724974
INK-HP-ATTACHED,1,2,724976
INK-HP-ATTACHED,1,2,724975
INK-OTHER-PRIMARY,1,2,492753
INK-HP-ATTACHED,1,2,468940
INK-HP-ATTACHED,1,2,67280
TONER-OTHER-PRIMARY,1,2,52801
TONER-OTHER-PRIMARY,1,2,605617
IPS-SEG-HOOG,1,2,492645
IPS-SEG-MID2,1,1,470785
TONER-OTHER-ATTACHED,1,2,573304
TONER-OTHER-ATTACHED,1,2,498287
TONER-OTHER-ATTACHED,1,2,498290
TONER-OTHER-ATTACHED,1,2,498291
INK-HP-ATTACHED,1,2,67281
LES-SEG-MID,1,2,522784
LES-SEG-MID,1,2,124950
TONER-OTHER-ATTACHED,1,2,382954
INK-OTHER-PRIMARY,1,2,52723
INK-HP-PRIMARY,1,2,53817
SCAN-LAAG,1,2,159988
SCAN-LAAG,1,2,400803
TONER-OTHER-ATTACHED,1,2,532305
TONER-OTHER-ATTACHED,1,2,715299
INK-OTHER-ATTACHED,1,2,273175
INK-OTHER-ATTACHED,1,2,20474
LES-SEG-HOOG,1,2,522824
LES-SEG-HOOG,1,2,685108
LES-SEG-HOOG,1,2,685109
LES-SEG-HOOG,1,2,235806
INK-OTHER-ATTACHED,1,2,146838
INK-HP-ATTACHED,1,2,273557
TONER-HP-ATTACHED,1,2,614810
LES-SEG-MID,1,2,413110
INK-OTHER-PRIMARY,1,2,673019
TONER-OTHER-PRIMARY,1,2,693943
INK-OTHER-PRIMARY,1,2,73280
INK-OTHER-ATTACHED,1,2,227661
TONER-HP-ATTACHED,1,2,685857
TONER-OTHER-ATTACHED,1,2,325846
TONER-OTHER-ATTACHED,1,2,325849
TONER-HP-PRIMARY,1,2,117131
TONER-OTHER-PRIMARY,1,2,325850
TONER-HP-ATTACHED,1,2,137405
TONER-HP-ATTACHED,1,2,137407
LES-SEG-HOOG,1,2,688493
INK-OTHER-ATTACHED,1,2,107586
INK-OTHER-ATTACHED,1,2,107587
SCAN-LAAG,1,2,365352
TONER-HP-ATTACHED,1,2,137406
TONER-OTHER-ATTACHED,1,2,606571
IPS-SEG-MID2,1,1,530039
TONER-OTHER-ATTACHED,1,2,110148
TONER-OTHER-PRIMARY,1,2,132027
LES-SEG-HOOG,1,2,685110
INK-OTHER-ATTACHED,1,2,20475
TONER-OTHER-ATTACHED,1,2,475288
TONER-OTHER-ATTACHED,1,2,475289
TONER-OTHER-ATTACHED,1,2,475290
INK-OTHER-ATTACHED,1,2,107585
TONER-OTHER-ATTACHED,1,2,543546
INK-HP-ATTACHED,1,2,721598
TONER-OTHER-ATTACHED,1,2,125374
LES-SEG-LAAG,1,1,106306
INK-OTHER-ATTACHED,1,2,607635
TONER-HP-PRIMARY,1,2,80447
INK-OTHER-ATTACHED,1,2,20472
TONER-HP-ATTACHED,1,2,202732
INK-OTHER-PRIMARY,1,2,607620
LES-SEG-HOOG,1,2,235755
INK-OTHER-ATTACHED,1,2,127530
TONER-OTHER-PRIMARY,1,2,461548
INK-HP-PRIMARY,1,2,468658
LES-SEG-LAAG,1,1,106309
LES-SEG-HOOG,1,2,417080
LES-SEG-LAAG,1,1,596541
TONER-OTHER-ATTACHED,1,2,52802
TONER-HP-PRIMARY,1,2,346614
LES-SEG-MID,1,2,485517
TONER-HP-ATTACHED,1,2,459030
INK-OTHER-ATTACHED,1,2,575791
INK-OTHER-ATTACHED,1,2,575805
INK-OTHER-ATTACHED,1,2,575781
INK-OTHER-ATTACHED,1,2,575666
INK-HP-ATTACHED,1,2,53767
INK-OTHER-PRIMARY,1,2,607624
LES-SEG-HOOG,1,2,688498
INK-OTHER-ATTACHED,1,2,575802
TONER-OTHER-ATTACHED,1,2,87627
SCAN-LAAG,1,2,365458
SCAN-LAAG,1,2,200480
IPS-BSINK,1,1,198610
LES-SEG-HOOG,1,2,567113
TONER-OTHER-ATTACHED,1,2,124955
INK-OTHER-PRIMARY,1,2,470000
INK-OTHER-ATTACHED,1,2,61218
INK-OTHER-PRIMARY,1,2,518089
INK-OTHER-PRIMARY,1,2,607656
INK-HP-ATTACHED,1,2,721607
TONER-OTHER-PRIMARY,1,2,61715
TONER-HP-PRIMARY,1,2,227385
INK-HP-ATTACHED,1,2,468690
INK-OTHER-ATTACHED,1,2,75638
IPS-SEG-HOOG,1,2,664550
TONER-OTHER-ATTACHED,1,2,573303
TONER-OTHER-ATTACHED,1,2,71525
SCAN-LAAG,1,2,412274
INK-HP-ATTACHED,1,2,660167
TONER-OTHER-PRIMARY,1,2,532284
TONER-OTHER-ATTACHED,1,2,62562
INK-OTHER-PRIMARY,1,2,227699
TONER-HP-ATTACHED,1,2,73386
TONER-OTHER-PRIMARY,1,2,532395
TONER-HP-ATTACHED,1,2,346664
INK-HP-ATTACHED,1,2,169988
SCAN-LAAG,1,2,380665
SCAN-LAAG,1,2,183437
TONER-OTHER-ATTACHED,1,2,125372
IPS-BSINK,1,1,605139
TONER-HP-ATTACHED,1,2,685854
INK-HP-ATTACHED,1,2,59819
INK-HP-PRIMARY,1,2,468844
INK-HP-ATTACHED,1,2,73323
SCAN-LAAG,1,2,624134
INK-OTHER-ATTACHED,1,2,110150
TONER-OTHER-ATTACHED,1,2,462838
LES-SEG-LAAG,1,1,596562
LES-SEG-LAAG,1,1,485256
INK-OTHER-PRIMARY,1,2,227713
TONER-OTHER-ATTACHED,1,2,606712
LES-SEG-HOOG,1,2,461532
INK-OTHER-PRIMARY,1,2,61710
IPS-SEG-HOOG,1,2,664517
LES-SEG-MID,1,2,510865
LES-SEG-HOOG,1,2,478228
TONER-OTHER-ATTACHED,1,2,98265
LES-SEG-HOOG,1,2,484702
TONER-HP-ATTACHED,1,2,609451
INK-OTHER-ATTACHED,1,2,273185
INK-OTHER-ATTACHED,1,2,227523
LES-SEG-MID,1,2,476631
IPS-BSINK,1,1,671263
TONER-HP-ATTACHED,1,2,346364
LES-SEG-HOOG,1,2,494357
LES-SEG-HOOG,1,2,714307
INK-OTHER-ATTACHED,1,2,451742
INK-OTHER-ATTACHED,1,2,451748
INK-OTHER-ATTACHED,1,2,532111
TONER-HP-ATTACHED,1,2,171666
INK-HP-ATTACHED,1,2,169987
IPS-BSINK,1,1,510218
SCAN-LAAG,1,2,365463
INK-OTHER-PRIMARY,1,2,607659
INK-OTHER-ATTACHED,1,2,532278
INK-OTHER-PRIMARY,1,2,107703
INK-OTHER-PRIMARY,1,2,665669
INK-OTHER-ATTACHED,1,2,107584
TONER-OTHER-ATTACHED,1,2,462876
LES-SEG-MID,1,2,315536
INK-HP-ATTACHED,1,2,454681
INK-HP-ATTACHED,1,2,455815
SCAN-HOOG,1,2,316132
SCAN-HOOG,1,2,369489
SCAN-HOOG,1,2,624192
INK-OTHER-ATTACHED,1,2,233285
INK-OTHER-ATTACHED,1,2,233354
INK-OTHER-ATTACHED,1,2,233344
TONER-OTHER-ATTACHED,1,2,142977
TONER-OTHER-ATTACHED,1,2,87626
TONER-OTHER-ATTACHED,1,2,87628
SCAN-HOOG,1,2,413124
TONER-OTHER-ATTACHED,1,2,235582
TONER-OTHER-ATTACHED,1,2,235586
TONER-OTHER-ATTACHED,1,2,235584
TONER-HP-ATTACHED,1,2,227392
LES-SEG-HOOG,1,2,461524
TONER-HP-ATTACHED,1,2,647931
TONER-HP-ATTACHED,1,2,647940
INK-OTHER-PRIMARY,1,2,380812
TONER-OTHER-ATTACHED,1,2,569230
TONER-OTHER-ATTACHED,1,2,597007
INK-OTHER-ATTACHED,1,2,109801
INK-OTHER-ATTACHED,1,2,109802
TONER-OTHER-ATTACHED,1,2,189192
LES-SEG-HOOG,1,2,170336
INK-OTHER-ATTACHED,1,2,73257
INK-OTHER-ATTACHED,1,2,127546
INK-OTHER-ATTACHED,1,2,61713
TONER-OTHER-ATTACHED,1,2,514628
INK-OTHER-ATTACHED,1,2,538713
TONER-OTHER-ATTACHED,1,2,514620
TONER-OTHER-ATTACHED,1,2,514638
INK-OTHER-ATTACHED,1,2,664737
TONER-OTHER-ATTACHED,1,2,514632
INK-HP-ATTACHED,1,2,469625
INK-HP-ATTACHED,1,2,273558
INK-HP-ATTACHED,1,2,273559
TONER-HP-PRIMARY,1,2,53907
TONER-OTHER-ATTACHED,1,2,693950
SCAN-HOOG,1,2,183376
TONER-OTHER-ATTACHED,1,2,715291
SCAN-HOOG,1,2,102842
SCAN-HOOG,1,2,547863
TONER-HP-PRIMARY,1,2,198732
TONER-OTHER-ATTACHED,1,2,693947
TONER-OTHER-ATTACHED,1,2,693951
TONER-OTHER-PRIMARY,1,2,532312
LES-SEG-HOOG,1,2,714317
INK-OTHER-ATTACHED,1,2,146852
TONER-HP-ATTACHED,1,2,53128
TONER-HP-ATTACHED,1,2,53130
INK-OTHER-ATTACHED,1,2,665661
INK-OTHER-ATTACHED,1,2,20476
TONER-HP-ATTACHED,1,2,53129
INK-OTHER-ATTACHED,1,2,233112
TONER-OTHER-ATTACHED,1,2,189196
INK-HP-PRIMARY,1,2,53137
INK-HP-PRIMARY,1,2,468840
IPS-BSINK,1,1,364948
SCAN-HOOG,1,2,215692
INK-OTHER-ATTACHED,1,2,607661
LES-SEG-MID,1,2,380803
INK-OTHER-PRIMARY,1,2,607597
TONER-OTHER-ATTACHED,1,2,235593
IPS-SEG-HOOG,1,2,198603
TONER-OTHER-ATTACHED,1,2,124620
TONER-OTHER-PRIMARY,1,2,124619
LES-SEG-HOOG,1,2,235532
INK-OTHER-ATTACHED,1,2,146855
SCAN-HOOG,1,2,161798
TONER-HP-ATTACHED,1,2,174559
INK-HP-ATTACHED,1,2,721603
TONER-OTHER-PRIMARY,1,2,169992
TONER-OTHER-ATTACHED,1,2,596987
TONER-HP-ATTACHED,1,2,227350
INK-OTHER-ATTACHED,1,2,405975
INK-OTHER-ATTACHED,1,2,405976
INK-OTHER-PRIMARY,1,2,283124
INK-HP-ATTACHED,1,2,73317
IPS-BSINK,1,1,697808
TONER-HP-ATTACHED,1,2,609454
SCAN-HOOG,1,2,343372
INK-OTHER-PRIMARY,1,2,405969
INK-OTHER-ATTACHED,1,2,470100
INK-OTHER-ATTACHED,1,2,227677
INK-HP-ATTACHED,1,2,273560
TONER-HP-ATTACHED,1,2,610373
IPS-BSINK,1,1,697938
IPS-BSINK,1,1,365575
TONER-HP-ATTACHED,1,2,705254
TONER-OTHER-ATTACHED,1,2,693938
INK-OTHER-ATTACHED,1,2,127542
TONER-OTHER-PRIMARY,1,2,474164
INK-OTHER-ATTACHED,1,2,492771
INK-OTHER-ATTACHED,1,2,492774
INK-OTHER-ATTACHED,1,2,492773
INK-OTHER-PRIMARY,1,2,71472
INK-OTHER-ATTACHED,1,2,71473
INK-OTHER-ATTACHED,1,2,71475
INK-OTHER-ATTACHED,1,2,71478
INK-OTHER-ATTACHED,1,2,71480
INK-OTHER-ATTACHED,1,2,575822
INK-OTHER-ATTACHED,1,2,575817
INK-OTHER-ATTACHED,1,2,575799
IPS-SEG-HOOG,1,2,561600
SCAN-HOOG,1,2,566387
INK-HP-ATTACHED,1,2,456037
TONER-OTHER-PRIMARY,1,2,124618
INK-OTHER-PRIMARY,1,2,532074
INK-OTHER-ATTACHED,1,2,532487
INK-OTHER-PRIMARY,1,2,107588
IPS-BSINK,1,1,365623
LES-SEG-MID,1,2,571186
LES-SEG-HOOG,1,2,714318
TONER-OTHER-ATTACHED,1,2,52805
TONER-OTHER-ATTACHED,1,2,498280
INK-OTHER-ATTACHED,1,2,61217
INK-OTHER-ATTACHED,1,2,451731
INK-OTHER-ATTACHED,1,2,209032
SCAN-HOOG,1,2,397808
TONER-OTHER-PRIMARY,1,2,104309
INK-HP-ATTACHED,1,2,721606
IPS-BSINK,1,1,619880
SCAN-HOOG,1,2,580657
SCAN-HOOG,1,2,392111
TONER-OTHER-ATTACHED,1,2,715290
INK-HP-ATTACHED,1,2,468452
INK-OTHER-ATTACHED,1,2,524669
LES-SEG-MID,1,2,273445
IPS-BSINK,1,1,500565
TONER-OTHER-ATTACHED,1,2,605817
TONER-OTHER-PRIMARY,1,2,606725
TONER-OTHER-ATTACHED,1,2,606739
TONER-OTHER-ATTACHED,1,2,475286
TONER-OTHER-ATTACHED,1,2,475394
INK-OTHER-ATTACHED,1,2,283271
IPS-BSINK,1,1,509967
LES-SEG-HOOG,1,2,605524
IPS-SEG-MID2,1,1,669185
INK-OTHER-ATTACHED,1,2,109924
INK-OTHER-PRIMARY,1,2,660306
TONER-HP-ATTACHED,1,2,117134
INK-OTHER-ATTACHED,1,2,110153
TONER-OTHER-ATTACHED,1,2,124954
INK-OTHER-ATTACHED,1,2,469795
INK-HP-PRIMARY,1,2,469642
INK-OTHER-ATTACHED,1,2,469828
LES-SEG-MID,1,2,596573
TONER-HP-ATTACHED,1,2,53903
SCAN-HOOG,1,2,679003
INK-OTHER-PRIMARY,1,2,524664
INK-OTHER-ATTACHED,1,2,524665
TONER-OTHER-ATTACHED,1,2,91811
INK-OTHER-ATTACHED,1,2,227585
TONER-OTHER-ATTACHED,1,2,606742
TONER-OTHER-ATTACHED,1,2,606741
LES-SEG-HOOG,1,2,236777
INK-OTHER-ATTACHED,1,2,470350
IPS-SEG-MID2,1,1,544723
LES-SEG-HOOG,1,2,475946
TONER-OTHER-ATTACHED,1,2,81951
INK-OTHER-ATTACHED,1,2,20458
INK-OTHER-ATTACHED,1,2,157476
TONER-OTHER-ATTACHED,1,2,475384
IPS-SEG-HOOG,1,2,575544
TONER-OTHER-ATTACHED,1,2,475428
INK-HP-PRIMARY,1,2,53925
INK-HP-ATTACHED,1,2,53921
TONER-OTHER-ATTACHED,1,2,475420
TONER-HP-ATTACHED,1,2,53120
SCAN-HOOG,1,2,183448
SCAN-HOOG,1,2,643752
SCAN-HOOG,1,2,685111
TONER-OTHER-ATTACHED,1,2,605810
TONER-OTHER-PRIMARY,1,2,606717
SCAN-HOOG,1,2,643900
SCAN-HOOG,1,2,295021
LES-SEG-HOOG,1,2,236818
INK-OTHER-PRIMARY,1,2,73256
INK-OTHER-PRIMARY,1,2,405974
INK-OTHER-ATTACHED,1,2,148831
SCAN-HOOG,1,2,643912
SCAN-HOOG,1,2,580681
LES-SEG-HOOG,1,2,598068
INK-OTHER-ATTACHED,1,2,88097
IPS-SEG-MID1,1,1,231961
INK-HP-ATTACHED,1,2,468860
INK-HP-ATTACHED,1,2,468888
INK-HP-ATTACHED,1,2,468873
TONER-HP-ATTACHED,1,2,62336
TONER-OTHER-ATTACHED,1,2,169990
TONER-HP-ATTACHED,1,2,202733
INK-HP-ATTACHED,1,2,277544
INK-HP-ATTACHED,1,2,277517
INK-HP-ATTACHED,1,2,277503
IPS-BSINK,1,1,723189
IPS-BSINK,1,1,723190
INK-OTHER-ATTACHED,1,2,607628
SCAN-HOOG,1,2,566264
TONER-HP-ATTACHED,1,2,647944
TONER-HP-ATTACHED,1,2,117135
TONER-HP-ATTACHED,1,2,117133
SCAN-HOOG,1,2,565369
TONER-HP-ATTACHED,1,2,202737
LES-SEG-MID,1,2,573181
TONER-OTHER-ATTACHED,1,2,92950
INK-OTHER-ATTACHED,1,2,283171
IPS-SEG-MID2,1,1,461587
INK-HP-ATTACHED,1,2,53133
TONER-OTHER-ATTACHED,1,2,124959
TONER-OTHER-ATTACHED,1,2,124960
INK-HP-ATTACHED,1,2,468937
TONER-HP-ATTACHED,1,2,53910
TONER-HP-ATTACHED,1,2,346496
TONER-OTHER-ATTACHED,1,2,469002
TONER-HP-ATTACHED,1,2,53908
TONER-HP-ATTACHED,1,2,346472
TONER-HP-PRIMARY,1,2,346636
TONER-OTHER-ATTACHED,1,2,715300
INK-OTHER-ATTACHED,1,2,469952
INK-OTHER-ATTACHED,1,2,469963
INK-OTHER-PRIMARY,1,2,61220
INK-OTHER-ATTACHED,1,2,284881
INK-OTHER-ATTACHED,1,2,580232
INK-OTHER-ATTACHED,1,2,580133
INK-OTHER-ATTACHED,1,2,660280
INK-HP-ATTACHED,1,2,468306
IPS-BSINK,1,1,469473
INK-OTHER-PRIMARY,1,2,532063
INK-OTHER-ATTACHED,1,2,451721
TONER-HP-ATTACHED,1,2,705253
TONER-OTHER-ATTACHED,1,2,474282
TONER-OTHER-ATTACHED,1,2,474267
TONER-HP-ATTACHED,1,2,68440
INK-OTHER-ATTACHED,1,2,470170
INK-OTHER-ATTACHED,1,2,470116
INK-OTHER-ATTACHED,1,2,470194
INK-OTHER-ATTACHED,1,2,470242
INK-OTHER-ATTACHED,1,2,470234
INK-OTHER-ATTACHED,1,2,284905
INK-OTHER-ATTACHED,1,2,284960
INK-OTHER-ATTACHED,1,2,92645
INK-OTHER-ATTACHED,1,2,92642
TONER-HP-ATTACHED,1,2,458936
LES-SEG-HOOG,1,2,573247
LES-SEG-HOOG,1,2,319304
TONER-OTHER-ATTACHED,1,2,644050
TONER-OTHER-ATTACHED,1,2,644060
TONER-OTHER-ATTACHED,1,2,644058
INK-OTHER-ATTACHED,1,2,233238
TONER-OTHER-ATTACHED,1,2,543511
TONER-HP-ATTACHED,1,2,174563
TONER-HP-ATTACHED,1,2,174560
TONER-OTHER-ATTACHED,1,2,114284
TONER-HP-ATTACHED,1,2,345995
TONER-HP-ATTACHED,1,2,345903
TONER-HP-ATTACHED,1,2,53909
SCAN-HOOG,1,2,494391
TONER-HP-ATTACHED,1,2,345872
LES-SEG-HOOG,1,2,461522
INK-OTHER-PRIMARY,1,2,73254
IPS-BSINK,1,1,723198
INK-OTHER-ATTACHED,1,2,380774
INK-HP-ATTACHED,1,2,53041
IPS-BSINK,1,1,723200
TONER-HP-ATTACHED,1,2,202734
INK-OTHER-ATTACHED,1,2,273227
INK-OTHER-ATTACHED,1,2,273237
LES-SEG-HOOG,1,2,472937
INK-OTHER-ATTACHED,1,2,492757
TONER-OTHER-ATTACHED,1,2,327057
INK-HP-ATTACHED,1,2,53040
INK-HP-ATTACHED,1,2,53765
LES-SEG-HOOG,1,2,567122
INK-OTHER-ATTACHED,1,2,532085
INK-HP-ATTACHED,1,2,468929
IPS-BSINK,1,1,723205
INK-OTHER-ATTACHED,1,2,660281
INK-HP-ATTACHED,1,2,721611
SCAN-HOOG,1,2,362324
INK-OTHER-ATTACHED,1,2,469792
INK-HP-PRIMARY,1,2,468549
TONER-HP-ATTACHED,1,2,685855
SCAN-HOOG,1,2,685112
INK-OTHER-ATTACHED,1,2,532265
INK-OTHER-ATTACHED,1,2,532264
TONER-OTHER-ATTACHED,1,2,532421
INK-OTHER-ATTACHED,1,2,110151
INK-OTHER-ATTACHED,1,2,110152
TONER-OTHER-ATTACHED,1,2,104313
TONER-OTHER-ATTACHED,1,2,104314
SCAN-HOOG,1,2,294674
INK-OTHER-ATTACHED,1,2,538712
TONER-HP-ATTACHED,1,2,53905
INK-OTHER-ATTACHED,1,2,492755
INK-OTHER-ATTACHED,1,2,492756
INK-OTHER-ATTACHED,1,2,559893
INK-OTHER-ATTACHED,1,2,559895
INK-OTHER-ATTACHED,1,2,687021
INK-OTHER-ATTACHED,1,2,687027
IPS-SEG-MID1,1,1,231953
TONER-OTHER-ATTACHED,1,2,196276
TONER-OTHER-ATTACHED,1,2,644063
INK-HP-ATTACHED,1,2,53880
IPS-BSINK,1,1,723206
IPS-BSINK,1,1,723210
TONER-OTHER-ATTACHED,1,2,532409
TONER-OTHER-PRIMARY,1,2,68139
TONER-HP-ATTACHED,1,2,609458
TONER-HP-ATTACHED,1,2,609459
SCAN-HOOG,1,2,679009
INK-OTHER-ATTACHED,1,2,607653
INK-OTHER-ATTACHED,1,2,666647
TONER-OTHER-ATTACHED,1,2,389967
TONER-OTHER-ATTACHED,1,2,52804
INK-OTHER-ATTACHED,1,2,109803
TONER-OTHER-ATTACHED,1,2,196268
SCAN-HOOG,1,2,718160
INK-OTHER-ATTACHED,1,2,538708
INK-OTHER-ATTACHED,1,2,470485
IPS-SEG-HOOG,1,2,617329
INK-OTHER-ATTACHED,1,2,660302
INK-HP-ATTACHED,1,2,726915
INK-HP-ATTACHED,1,2,53474
SCAN-HOOG,1,2,705947
INK-HP-ATTACHED,1,2,469376
INK-HP-ATTACHED,1,2,469652
INK-HP-PRIMARY,1,2,332581
INK-HP-ATTACHED,1,2,707432
LES-SEG-MID,1,2,485353
LES-SEG-HOOG,1,2,476700
TONER-OTHER-ATTACHED,1,2,91798
INK-OTHER-ATTACHED,1,2,469918
INK-OTHER-ATTACHED,1,2,451837
INK-OTHER-ATTACHED,1,2,107711
TONER-HP-ATTACHED,1,2,202730
TONER-OTHER-ATTACHED,1,2,191906
TONER-HP-ATTACHED,1,2,346677
TONER-HP-ATTACHED,1,2,346813
INK-HP-ATTACHED,1,2,73316
IPS-BSINK,1,1,723213
IPS-BSINK,1,1,329943
INK-HP-ATTACHED,1,2,707434
TONER-OTHER-PRIMARY,1,2,693952
TONER-HP-ATTACHED,1,2,346699
TONER-HP-ATTACHED,1,2,346801
TONER-OTHER-ATTACHED,1,2,596993
TONER-OTHER-PRIMARY,1,2,606856
TONER-OTHER-ATTACHED,1,2,597015
TONER-OTHER-ATTACHED,1,2,597012
LES-SEG-HOOG,1,2,664820
TONER-OTHER-ATTACHED,1,2,366231
LES-SEG-HOOG,1,2,170379
LES-SEG-HOOG,1,2,235853
LES-SEG-HOOG,1,2,235822
SCAN-HOOG,1,2,162870
SCAN-HOOG,1,2,469858
SCAN-HOOG,1,2,600383
LES-SEG-MID,1,2,485381
LES-SEG-HOOG,1,2,476119
INK-OTHER-PRIMARY,1,2,607614
INK-HP-PRIMARY,1,2,707439
INK-OTHER-ATTACHED,1,2,532295
INK-OTHER-ATTACHED,1,2,607642
INK-OTHER-ATTACHED,1,2,607645
SCAN-HOOG,1,2,566289
SCAN-HOOG,1,2,316077
SCAN-HOOG,1,2,718163
LES-SEG-HOOG,1,2,714316
SCAN-HOOG,1,2,362430
LES-SEG-HOOG,1,2,477053
INK-OTHER-ATTACHED,1,2,73259
INK-OTHER-ATTACHED,1,2,146846
INK-OTHER-ATTACHED,1,2,273213
INK-OTHER-ATTACHED,1,2,127545
INK-OTHER-ATTACHED,1,2,668978
INK-OTHER-ATTACHED,1,2,668987
SCAN-HOOG,1,2,162135
SCAN-HOOG,1,2,718161
SCAN-HOOG,1,2,718168
SCAN-HOOG,1,2,162308
SCAN-HOOG,1,2,705965
SCAN-HOOG,1,2,707309
SCAN-HOOG,1,2,707308
SCAN-HOOG,1,2,647273
INK-OTHER-ATTACHED,1,2,52931
SCAN-HOOG,1,2,679026
LES-SEG-HOOG,1,2,315898
LES-SEG-HOOG,1,2,415972
SCAN-HOOG,1,2,464275
SCAN-HOOG,1,2,392149
LES-SEG-HOOG,1,2,714314
LES-SEG-HOOG,1,2,714315
LES-SEG-HOOG,1,2,714319
LES-SEG-HOOG,1,2,477082
SCAN-HOOG,1,2,634868
SCAN-HOOG,1,2,707312
TONER-OTHER-ATTACHED,1,2,64674
TONER-OTHER-ATTACHED,1,2,92907
TONER-HP-ATTACHED,1,2,68453
TONER-HP-ATTACHED,1,2,68454
TONER-OTHER-ATTACHED,1,2,124956
TONER-OTHER-ATTACHED,1,2,124957
TONER-OTHER-ATTACHED,1,2,422045
TONER-OTHER-ATTACHED,1,2,493396
TONER-OTHER-ATTACHED,1,2,150571
TONER-HP-ATTACHED,1,2,68455
TONER-OTHER-ATTACHED,1,2,81954
TONER-OTHER-ATTACHED,1,2,81955
TONER-OTHER-ATTACHED,1,2,54510
TONER-OTHER-ATTACHED,1,2,54511
TONER-OTHER-ATTACHED,1,2,54512
TONER-OTHER-ATTACHED,1,2,191936
TONER-OTHER-ATTACHED,1,2,91804
TONER-OTHER-ATTACHED,1,2,81953
TONER-OTHER-ATTACHED,1,2,196234
TONER-OTHER-ATTACHED,1,2,191934
TONER-OTHER-ATTACHED,1,2,191930
TONER-OTHER-ATTACHED,1,2,62563
TONER-OTHER-ATTACHED,1,2,62564
TONER-OTHER-ATTACHED,1,2,104316
TONER-OTHER-ATTACHED,1,2,191908
TONER-OTHER-ATTACHED,1,2,327072
TONER-OTHER-ATTACHED,1,2,474255
TONER-OTHER-ATTACHED,1,2,596953
INK-OTHER-ATTACHED,1,2,380818
INK-OTHER-ATTACHED,1,2,469939
INK-OTHER-ATTACHED,1,2,469925
INK-OTHER-ATTACHED,1,2,61219
INK-OTHER-ATTACHED,1,2,665662
INK-OTHER-ATTACHED,1,2,665666
INK-OTHER-ATTACHED,1,2,665663
INK-OTHER-ATTACHED,1,2,103778
INK-OTHER-ATTACHED,1,2,31755
INK-OTHER-ATTACHED,1,2,31757
INK-OTHER-ATTACHED,1,2,103777
SCAN-HOOG,1,2,707313
LES-SEG-MID,1,2,713424
LES-SEG-HOOG,1,2,598111
LES-SEG-HOOG,1,2,596693
IPS-BSINK,1,1,539040
INK-OTHER-ATTACHED,1,2,380772
INK-OTHER-ATTACHED,1,2,501061
INK-OTHER-ATTACHED,1,2,501064
INK-OTHER-ATTACHED,1,2,501062
INK-OTHER-PRIMARY,1,2,538711
INK-OTHER-ATTACHED,1,2,155383
INK-OTHER-ATTACHED,1,2,155404
INK-OTHER-ATTACHED,1,2,155391
INK-OTHER-ATTACHED,1,2,155379
INK-OTHER-ATTACHED,1,2,155376
INK-OTHER-ATTACHED,1,2,155377
INK-OTHER-ATTACHED,1,2,155389
INK-OTHER-ATTACHED,1,2,155385
INK-OTHER-ATTACHED,1,2,326900
INK-OTHER-ATTACHED,1,2,470310
INK-OTHER-ATTACHED,1,2,470167
INK-OTHER-ATTACHED,1,2,470183
INK-OTHER-ATTACHED,1,2,470173
INK-OTHER-PRIMARY,1,2,113222
INK-OTHER-ATTACHED,1,2,148833
INK-OTHER-ATTACHED,1,2,148834
INK-OTHER-ATTACHED,1,2,113220
INK-OTHER-ATTACHED,1,2,88096
INK-OTHER-ATTACHED,1,2,88102
INK-OTHER-ATTACHED,1,2,88103
INK-OTHER-PRIMARY,1,2,88095
INK-OTHER-ATTACHED,1,2,88099
INK-OTHER-ATTACHED,1,2,103820
INK-OTHER-PRIMARY,1,2,88098
IPS-BSINK,1,1,329950
TONER-OTHER-ATTACHED,1,2,543534
TONER-OTHER-ATTACHED,1,2,543517
TONER-OTHER-ATTACHED,1,2,654436
IPS-BSINK,1,1,329935
INK-OTHER-ATTACHED,1,2,233212
INK-OTHER-ATTACHED,1,2,233235
INK-OTHER-ATTACHED,1,2,232362
INK-OTHER-ATTACHED,1,2,232374
INK-OTHER-ATTACHED,1,2,232366
INK-OTHER-ATTACHED,1,2,233123
INK-OTHER-ATTACHED,1,2,233132
INK-OTHER-ATTACHED,1,2,233127
INK-OTHER-ATTACHED,1,2,284897
INK-OTHER-ATTACHED,1,2,284909
INK-OTHER-ATTACHED,1,2,284959
INK-OTHER-ATTACHED,1,2,284971
INK-OTHER-ATTACHED,1,2,284940
INK-OTHER-ATTACHED,1,2,284914
INK-OTHER-ATTACHED,1,2,284983
INK-OTHER-ATTACHED,1,2,284952
INK-OTHER-ATTACHED,1,2,227716
INK-OTHER-ATTACHED,1,2,227738
INK-OTHER-ATTACHED,1,2,227726
INK-OTHER-ATTACHED,1,2,451842
INK-OTHER-ATTACHED,1,2,451838
INK-OTHER-ATTACHED,1,2,492759
IPS-SEG-HOOG,1,2,664610
IPS-SEG-HOOG,1,2,686649
IPS-SEG-HOOG,1,2,686929
INK-OTHER-ATTACHED,1,2,687028
INK-OTHER-ATTACHED,1,2,71479
INK-OTHER-ATTACHED,1,2,88117
INK-OTHER-ATTACHED,1,2,88119
INK-OTHER-ATTACHED,1,2,88121
INK-OTHER-ATTACHED,1,2,88122
INK-OTHER-ATTACHED,1,2,88123
INK-OTHER-ATTACHED,1,2,88124
INK-OTHER-ATTACHED,1,2,88125
INK-OTHER-ATTACHED,1,2,61910
INK-OTHER-ATTACHED,1,2,61911
INK-OTHER-ATTACHED,1,2,61914
INK-OTHER-ATTACHED,1,2,107704
INK-OTHER-ATTACHED,1,2,107705
INK-OTHER-ATTACHED,1,2,107709
INK-OTHER-ATTACHED,1,2,155860
INK-OTHER-ATTACHED,1,2,155861
INK-OTHER-ATTACHED,1,2,155865
INK-OTHER-ATTACHED,1,2,155867
INK-OTHER-ATTACHED,1,2,155868
INK-OTHER-ATTACHED,1,2,155869
INK-OTHER-ATTACHED,1,2,155870
INK-OTHER-ATTACHED,1,2,155871
INK-OTHER-ATTACHED,1,2,155872
INK-OTHER-ATTACHED,1,2,660283
INK-OTHER-ATTACHED,1,2,660287
INK-OTHER-ATTACHED,1,2,660292
INK-OTHER-ATTACHED,1,2,686653
INK-OTHER-ATTACHED,1,2,686650
INK-OTHER-ATTACHED,1,2,686652
INK-OTHER-ATTACHED,1,2,686654
INK-OTHER-ATTACHED,1,2,686659
INK-OTHER-ATTACHED,1,2,686657
INK-OTHER-ATTACHED,1,2,686655
INK-OTHER-ATTACHED,1,2,686656
INK-OTHER-ATTACHED,1,2,660311
INK-OTHER-ATTACHED,1,2,660313
INK-OTHER-ATTACHED,1,2,660314
INK-OTHER-ATTACHED,1,2,660316
INK-OTHER-ATTACHED,1,2,660320
INK-OTHER-ATTACHED,1,2,660322
INK-OTHER-ATTACHED,1,2,660327
INK-OTHER-ATTACHED,1,2,660332
INK-OTHER-ATTACHED,1,2,122929
INK-OTHER-ATTACHED,1,2,122930
INK-OTHER-ATTACHED,1,2,122931
INK-OTHER-ATTACHED,1,2,122933
INK-OTHER-ATTACHED,1,2,122935
INK-OTHER-ATTACHED,1,2,122942
INK-OTHER-ATTACHED,1,2,122944
INK-OTHER-ATTACHED,1,2,122948
INK-OTHER-ATTACHED,1,2,169876
INK-OTHER-ATTACHED,1,2,169882
INK-OTHER-ATTACHED,1,2,169892
INK-OTHER-ATTACHED,1,2,169897
INK-OTHER-ATTACHED,1,2,166054
INK-OTHER-ATTACHED,1,2,166057
INK-OTHER-ATTACHED,1,2,166062
INK-OTHER-ATTACHED,1,2,166044
INK-OTHER-ATTACHED,1,2,166049
INK-OTHER-ATTACHED,1,2,166051
INK-OTHER-ATTACHED,1,2,166052
INK-OTHER-ATTACHED,1,2,559938
INK-OTHER-ATTACHED,1,2,559940
INK-OTHER-ATTACHED,1,2,559960
INK-OTHER-ATTACHED,1,2,559962
INK-OTHER-ATTACHED,1,2,559927
INK-OTHER-ATTACHED,1,2,559929
INK-OTHER-ATTACHED,1,2,559936
INK-OTHER-ATTACHED,1,2,559937
INK-OTHER-ATTACHED,1,2,575683
INK-OTHER-ATTACHED,1,2,559897
INK-OTHER-ATTACHED,1,2,687004
INK-OTHER-ATTACHED,1,2,687011
INK-OTHER-ATTACHED,1,2,687014
INK-OTHER-ATTACHED,1,2,687018
INK-OTHER-ATTACHED,1,2,687020
INK-OTHER-ATTACHED,1,2,687025
INK-OTHER-ATTACHED,1,2,687026
IPS-BSINK,1,1,723214
IPS-SEG-MID2,1,1,561613
IPS-SEG-HOOG,1,2,560860
IPS-SEG-HOOG,1,2,561623
IPS-SEG-HOOG,1,2,560968
IPS-SEG-HOOG,1,2,561047
IPS-BSINK,1,1,723215
IPS-BSINK,1,1,717591
TONER-OTHER-ATTACHED,1,2,92909
INK-HP-ATTACHED,1,2,468908
INK-HP-ATTACHED,1,2,468497
TONER-OTHER-ATTACHED,1,2,91812
TONER-OTHER-ATTACHED,1,2,84889
TONER-OTHER-ATTACHED,1,2,543529
TONER-OTHER-ATTACHED,1,2,189188
TONER-OTHER-ATTACHED,1,2,92922
TONER-OTHER-ATTACHED,1,2,125126
TONER-OTHER-ATTACHED,1,2,493399
INK-HP-ATTACHED,1,2,468433
TONER-OTHER-ATTACHED,1,2,493400
TONER-OTHER-ATTACHED,1,2,62565
INK-HP-ATTACHED,1,2,468399
INK-HP-ATTACHED,1,2,469287
INK-HP-ATTACHED,1,2,726916
TONER-OTHER-ATTACHED,1,2,61716
TONER-OTHER-ATTACHED,1,2,92921
TONER-OTHER-ATTACHED,1,2,52803
TONER-OTHER-ATTACHED,1,2,596973
INK-HP-ATTACHED,1,2,726917
INK-HP-ATTACHED,1,2,726919
TONER-OTHER-ATTACHED,1,2,596880
TONER-OTHER-ATTACHED,1,2,52806
TONER-OTHER-ATTACHED,1,2,84892
TONER-OTHER-ATTACHED,1,2,84890
TONER-HP-ATTACHED,1,2,346215
INK-HP-ATTACHED,1,2,455801
INK-HP-ATTACHED,1,2,52989
INK-HP-ATTACHED,1,2,468529
INK-HP-ATTACHED,1,2,53472
INK-HP-PRIMARY,1,2,53043
INK-HP-ATTACHED,1,2,53044
TONER-OTHER-ATTACHED,1,2,654433
INK-HP-PRIMARY,1,2,468841
TONER-HP-ATTACHED,1,2,469754
TONER-OTHER-PRIMARY,1,2,54513
TONER-OTHER-ATTACHED,1,2,493397
TONER-OTHER-ATTACHED,1,2,493392
TONER-OTHER-ATTACHED,1,2,124958
TONER-OTHER-ATTACHED,1,2,236746
TONER-OTHER-ATTACHED,1,2,91810
TONER-OTHER-ATTACHED,1,2,529617
TONER-OTHER-ATTACHED,1,2,493389
TONER-HP-ATTACHED,1,2,53119
TONER-HP-ATTACHED,1,2,469739
TONER-OTHER-ATTACHED,1,2,654444
INK-HP-ATTACHED,1,2,455787
INK-HP-ATTACHED,1,2,53881
INK-HP-ATTACHED,1,2,469354
TONER-HP-ATTACHED,1,2,345764
TONER-HP-ATTACHED,1,2,346065
TONER-HP-ATTACHED,1,2,345960
TONER-OTHER-ATTACHED,1,2,571668
INK-HP-ATTACHED,1,2,410676
INK-HP-ATTACHED,1,2,410686
TONER-HP-ATTACHED,1,2,469731
TONER-OTHER-ATTACHED,1,2,236753
INK-HP-ATTACHED,1,2,53748
TONER-HP-ATTACHED,1,2,202729
TONER-OTHER-ATTACHED,1,2,84891
INK-HP-ATTACHED,1,2,721618
INK-HP-ATTACHED,1,2,721614
INK-HP-ATTACHED,1,2,721616
INK-HP-ATTACHED,1,2,169989
INK-HP-ATTACHED,1,2,73318
INK-HP-ATTACHED,1,2,73319
INK-HP-ATTACHED,1,2,73320
INK-HP-PRIMARY,1,2,111976
INK-HP-ATTACHED,1,2,724968
INK-HP-ATTACHED,1,2,724971
INK-HP-ATTACHED,1,2,724970
TONER-HP-ATTACHED,1,2,609441
TONER-HP-ATTACHED,1,2,609444
TONER-HP-ATTACHED,1,2,609448
IPS-BSINK,1,1,717593
IPS-BSINK,1,1,717585
IPS-BSINK,1,1,723219
IPS-BSINK,1,1,717587
IPS-BSINK,1,1,723217
TONER-OTHER-ATTACHED,1,2,529590
TONER-HP-ATTACHED,1,2,198736
IPS-SEG-MID2,1,1,726450
INK-OTHER-ATTACHED,1,2,92646
INK-OTHER-ATTACHED,1,2,92644
INK-OTHER-ATTACHED,1,2,92640
INK-OTHER-PRIMARY,1,2,607649
INK-OTHER-PRIMARY,1,2,607664
TONER-HP-ATTACHED,1,2,610551
TONER-HP-ATTACHED,1,2,202736
TONER-HP-ATTACHED,1,2,346482
TONER-HP-ATTACHED,1,2,610552
TONER-HP-ATTACHED,1,2,610553
TONER-HP-ATTACHED,1,2,346451
TONER-OTHER-PRIMARY,1,2,236766
TONER-OTHER-ATTACHED,1,2,493387
TONER-OTHER-ATTACHED,1,2,411227
TONER-HP-ATTACHED,1,2,227256
TONER-HP-ATTACHED,1,2,244971
TONER-OTHER-ATTACHED,1,2,411260
TONER-HP-ATTACHED,1,2,70744
INK-OTHER-ATTACHED,1,2,693935
INK-OTHER-PRIMARY,1,2,532165
INK-OTHER-ATTACHED,1,2,532167
TONER-HP-ATTACHED,1,2,80446
TONER-OTHER-ATTACHED,1,2,596976
TONER-OTHER-ATTACHED,1,2,382417
TONER-HP-ATTACHED,1,2,705246
TONER-HP-ATTACHED,1,2,346305
TONER-HP-ATTACHED,1,2,705250
TONER-HP-ATTACHED,1,2,705255
TONER-HP-ATTACHED,1,2,705256
TONER-HP-ATTACHED,1,2,705257
TONER-HP-ATTACHED,1,2,705259
TONER-HP-ATTACHED,1,2,705260
TONER-HP-ATTACHED,1,2,705261
TONER-HP-ATTACHED,1,2,705258
LES-SEG-MID,1,2,567153
LES-SEG-MID,1,2,414160
TONER-HP-ATTACHED,1,2,346379
TONER-HP-ATTACHED,1,2,346341
TONER-HP-ATTACHED,1,2,227336
TONER-HP-ATTACHED,1,2,458564
TONER-HP-ATTACHED,1,2,705252
TONER-HP-ATTACHED,1,2,227400
TONER-HP-ATTACHED,1,2,647948
TONER-HP-PRIMARY,1,2,53901
TONER-HP-ATTACHED,1,2,610670
INK-OTHER-PRIMARY,1,2,532262
INK-OTHER-PRIMARY,1,2,532271
IPS-BSINK,1,1,723184
INK-OTHER-PRIMARY,1,2,532096
INK-OTHER-PRIMARY,1,2,607636
TONER-OTHER-ATTACHED,1,2,693954
TONER-OTHER-ATTACHED,1,2,693953
TONER-OTHER-ATTACHED,1,2,693955
INK-OTHER-PRIMARY,1,2,532464
IPS-BSINK,1,1,723186
INK-OTHER-PRIMARY,1,2,532293
INK-OTHER-PRIMARY,1,2,607655
INK-OTHER-PRIMARY,1,2,532308
INK-OTHER-PRIMARY,1,2,532298
TONER-OTHER-ATTACHED,1,2,709295
TONER-OTHER-ATTACHED,1,2,709294
IPS-SEG-MID1,1,1,665870
TONER-OTHER-ATTACHED,1,2,664817
INK-OTHER-ATTACHED,1,2,64675
INK-OTHER-ATTACHED,1,2,64677
INK-OTHER-ATTACHED,1,2,64676
INK-OTHER-ATTACHED,1,2,666596
TONER-OTHER-ATTACHED,1,2,493393
TONER-OTHER-ATTACHED,1,2,235599
INK-OTHER-ATTACHED,1,2,666605
INK-OTHER-ATTACHED,1,2,666603
TONER-OTHER-ATTACHED,1,2,235595
INK-OTHER-ATTACHED,1,2,666616
TONER-OTHER-ATTACHED,1,2,715294
TONER-OTHER-PRIMARY,1,2,715296
TONER-OTHER-ATTACHED,1,2,715297
TONER-OTHER-ATTACHED,1,2,715298
TONER-OTHER-ATTACHED,1,2,715304
TONER-OTHER-ATTACHED,1,2,715301
TONER-OTHER-ATTACHED,1,2,715307
TONER-OTHER-ATTACHED,1,2,715309
TONER-OTHER-ATTACHED,1,2,382296
TONER-OTHER-ATTACHED,1,2,732571
TONER-OTHER-ATTACHED,1,2,732573
TONER-OTHER-ATTACHED,1,2,732575
TONER-OTHER-ATTACHED,1,2,733368
TONER-OTHER-ATTACHED,1,2,733372
TONER-OTHER-ATTACHED,1,2,733374
TONER-OTHER-ATTACHED,1,2,733375
TONER-OTHER-ATTACHED,1,2,733376
TONER-OTHER-ATTACHED,1,2,733378
TONER-OTHER-ATTACHED,1,2,733548
LES-SEG-HOOG,3,2,617800
IPS-TOPPER,3,1,665664
INK-HP-PRIMARY,3,2,140338
LES-SEG-HOOG,3,2,609109
INK-HP-PRIMARY,3,2,139819
LES-SEG-HOOG,3,2,608952
IPS-SEG-LAAG,3,1,668768
IPS-SEG-MID2,3,1,665796
LES-SEG-HOOG,3,2,608855
INK-HP-PRIMARY,3,2,412154
LES-SEG-HOOG,3,2,609000
INK-OTHER-ATTACHED,3,2,707452
INK-HP-ATTACHED,3,2,605162
INK-HP-PRIMARY,3,2,67278
INK-HP-ATTACHED,3,2,509903
IPS-SEG-MID1,3,1,665640
IPS-SEG-MID2,3,1,660232
INK-HP-PRIMARY,3,2,105608
LES-SEG-MID,3,2,618659
IPS-SEG-MID1,3,1,647044
INK-HP-PRIMARY,3,2,105607
INK-HP-ATTACHED,3,2,509917
INK-HP-ATTACHED,3,2,605153
INK-OTHER-ATTACHED,3,2,284264
IPS-SEG-MID2,3,1,315691
IPS-TOPPER,3,1,283875
LES-SEG-MID,3,2,618661
INK-HP-ATTACHED,3,2,605163
IPS-SEG-MID1,3,1,660227
INK-HP-ATTACHED,3,2,688856
INK-HP-ATTACHED,3,2,605164
INK-OTHER-ATTACHED,3,2,715710
INK-HP-PRIMARY,3,2,170209
LES-SEG-HOOG,3,2,683699
LES-SEG-MID,3,2,388542
INK-OTHER-PRIMARY,3,2,283225
LES-SEG-HOOG,3,2,683696
LES-SEG-MID,3,2,436512
LES-SEG-LAAG,3,1,665035
IPS-SEG-MID2,3,1,529920
LES-SEG-HOOG,3,2,683700
INK-OTHER-PRIMARY,3,2,532115
LES-TOPPER,3,1,618472
INK-HP-PRIMARY,3,2,412151
IPS-TOPPER,3,1,660217
LES-SEG-HOOG,3,2,618634
INK-OTHER-PRIMARY,3,2,273202
INK-OTHER-ATTACHED,3,2,665611
INK-HP-PRIMARY,3,2,454408
LES-SEG-HOOG,3,2,717584
INK-HP-ATTACHED,3,2,105614
INK-OTHER-PRIMARY,3,2,607657
INK-OTHER-ATTACHED,3,2,532116
IPS-SEG-MID1,3,1,518933
INK-OTHER-PRIMARY,3,2,532132
TONER-HP-ATTACHED,3,2,614835
TONER-OTHER-ATTACHED,3,2,383098
INK-OTHER-ATTACHED,3,2,660284
IPS-SEG-MID1,3,1,660229
INK-OTHER-PRIMARY,3,2,326926
INK-OTHER-ATTACHED,3,2,532134
LES-SEG-MID,3,2,388304
LES-SEG-HOOG,3,2,472404
INK-OTHER-ATTACHED,3,2,532135
INK-OTHER-ATTACHED,3,2,660309
IPS-SEG-MID1,3,1,669178
IPS-SEG-MID1,3,1,665683
INK-OTHER-PRIMARY,3,2,524712
INK-OTHER-ATTACHED,3,2,607638
INK-OTHER-PRIMARY,3,2,284862
TONER-HP-PRIMARY,3,2,451568
LES-SEG-HOOG,3,2,683702
LES-SEG-HOOG,3,2,683703
TONER-OTHER-PRIMARY,3,2,715695
TONER-HP-ATTACHED,3,2,614875
LES-SEG-HOOG,3,2,683701
TONER-HP-ATTACHED,3,2,614884
TONER-HP-ATTACHED,3,2,614886
LES-SEG-MID,3,2,633570
LES-SEG-HOOG,3,2,316026
IPS-SEG-HOOG,3,2,236845
TONER-HP-ATTACHED,3,2,426647
IPS-SEG-HOOG,3,2,236846
IPS-SEG-MID1,3,1,660228
IPS-TOPPER,3,1,507016
TONER-HP-PRIMARY,3,2,614820
INK-OTHER-ATTACHED,3,2,673020
LES-SEG-HOOG,3,2,664796
IPS-SEG-MID2,3,1,660243
IPS-SEG-MID1,3,1,671233
TONER-OTHER-ATTACHED,3,2,605736
INK-OTHER-PRIMARY,3,2,673023
INK-OTHER-ATTACHED,3,2,109797
TONER-OTHER-ATTACHED,3,2,605619
IPS-TOPPER,3,1,671243
TONER-OTHER-ATTACHED,3,2,606749
TONER-HP-ATTACHED,3,2,451576
INK-OTHER-PRIMARY,3,2,155373
IPS-SEG-MID2,3,1,477859
TONER-HP-ATTACHED,3,2,451593
INK-OTHER-PRIMARY,3,2,157468
TONER-HP-ATTACHED,3,2,472672
INK-OTHER-ATTACHED,3,2,538714
INK-OTHER-ATTACHED,3,2,451858
TONER-HP-ATTACHED,3,2,451613
INK-OTHER-PRIMARY,3,2,532445
INK-HP-ATTACHED,3,2,509773
TONER-HP-ATTACHED,3,2,106304
INK-HP-ATTACHED,3,2,728490
LES-SEG-HOOG,3,2,572938
INK-HP-ATTACHED,3,2,728500
INK-OTHER-ATTACHED,3,2,283238
INK-HP-ATTACHED,3,2,169985
TONER-OTHER-PRIMARY,3,2,231258
INK-HP-ATTACHED,3,2,67282
INK-OTHER-ATTACHED,3,2,451844
INK-HP-ATTACHED,3,2,619997
LES-SEG-MID,3,2,665048
INK-OTHER-ATTACHED,3,2,109925
IPS-SEG-HOOG,3,2,664541
TONER-OTHER-ATTACHED,3,2,605621
TONER-HP-ATTACHED,3,2,685868
INK-OTHER-ATTACHED,3,2,715705
INK-OTHER-ATTACHED,3,2,61222
IPS-BSINK,3,1,539097
INK-OTHER-ATTACHED,3,2,233270
TONER-OTHER-PRIMARY,3,2,605642
INK-HP-ATTACHED,3,2,728509
INK-HP-PRIMARY,3,2,59815
IPS-SEG-MID1,3,1,429778
IPS-SEG-MID2,3,1,530389
INK-HP-PRIMARY,3,2,105613
IPS-SEG-MID2,3,1,507018
IPS-SEG-MID1,3,1,647193
INK-OTHER-PRIMARY,3,2,227741
IPS-SEG-HOOG,3,2,580078
INK-OTHER-ATTACHED,3,2,668719
TONER-OTHER-PRIMARY,3,2,116935
INK-OTHER-ATTACHED,3,2,233281
INK-OTHER-PRIMARY,3,2,227709
IPS-SEG-MID1,3,1,703761
TONER-OTHER-ATTACHED,3,2,532415
IPS-SEG-MID2,3,1,694577
LES-SEG-LAAG,3,1,500484
TONER-HP-ATTACHED,3,2,614885
TONER-OTHER-ATTACHED,3,2,492175
INK-OTHER-ATTACHED,3,2,157487
INK-OTHER-ATTACHED,3,2,109799
IPS-SEG-MID1,3,1,665623
TONER-OTHER-ATTACHED,3,2,532317
INK-HP-ATTACHED,3,2,728517
INK-OTHER-PRIMARY,3,2,660317
IPS-SEG-MID2,3,1,409772
INK-OTHER-ATTACHED,3,2,707446
INK-HP-PRIMARY,3,2,509910
IPS-TOPPER,3,1,365359
INK-HP-PRIMARY,3,2,470528
TONER-HP-ATTACHED,3,2,472734
INK-HP-ATTACHED,3,2,509892
IPS-SEG-MID2,3,1,526510
INK-HP-ATTACHED,3,2,728512
LES-SEG-MID,3,2,664768
LES-SEG-LAAG,3,1,387095
TONER-HP-ATTACHED,3,2,614872
INK-OTHER-ATTACHED,3,2,283188
INK-HP-PRIMARY,3,2,52993
INK-HP-PRIMARY,3,2,332554
TONER-HP-ATTACHED,3,2,614883
INK-OTHER-ATTACHED,3,2,665655
IPS-TOPPER,3,1,671250
TONER-HP-ATTACHED,3,2,472754
INK-OTHER-ATTACHED,3,2,283186
IPS-SEG-MID1,3,1,703762
LES-SEG-LAAG,3,1,665005
IPS-SEG-HOOG,3,2,510716
INK-OTHER-ATTACHED,3,2,283202
INK-HP-ATTACHED,3,2,728455
INK-OTHER-ATTACHED,3,2,273013
IPS-SEG-MID2,3,1,477781
TONER-OTHER-ATTACHED,3,2,633586
TONER-HP-ATTACHED,3,2,289753
INK-OTHER-ATTACHED,3,2,380823
IPS-SEG-HOOG,3,2,579395
INK-HP-ATTACHED,3,2,59816
INK-OTHER-PRIMARY,3,2,668714
INK-OTHER-PRIMARY,3,2,284868
TONER-HP-ATTACHED,3,2,472712
IPS-SEG-MID1,3,1,671261
IPS-SEG-MID1,3,1,703764
TONER-OTHER-ATTACHED,3,2,382987
LES-SEG-MID,3,2,500486
TONER-OTHER-ATTACHED,3,2,231271
INK-OTHER-ATTACHED,3,2,283210
TONER-OTHER-ATTACHED,3,2,606758
TONER-OTHER-ATTACHED,3,2,273490
INK-OTHER-ATTACHED,3,2,532113
IPS-TOPPER,3,1,510036
INK-HP-ATTACHED,3,2,728466
INK-OTHER-PRIMARY,3,2,107706
LES-SEG-MID,3,2,494228
LES-SEG-MID,3,2,485330
IPS-SEG-MID2,3,1,525654
INK-HP-ATTACHED,3,2,53773
INK-OTHER-PRIMARY,3,2,532088
IPS-SEG-MID2,3,1,510119
INK-OTHER-PRIMARY,3,2,227531
INK-OTHER-ATTACHED,3,2,127536
INK-OTHER-PRIMARY,3,2,524797
INK-OTHER-PRIMARY,3,2,501059
TONER-HP-ATTACHED,3,2,174558
INK-OTHER-ATTACHED,3,2,61216
LES-SEG-HOOG,3,2,415694
TONER-OTHER-ATTACHED,3,2,231269
TONER-OTHER-ATTACHED,3,2,231274
TONER-HP-ATTACHED,3,2,685870
LES-SEG-HOOG,3,2,617925
INK-OTHER-ATTACHED,3,2,61221
TONER-OTHER-ATTACHED,3,2,606559
TONER-HP-PRIMARY,3,2,227371
TONER-HP-ATTACHED,3,2,685873
TONER-HP-ATTACHED,3,2,685876
TONER-OTHER-PRIMARY,3,2,236540
INK-HP-ATTACHED,3,2,728460
LES-SEG-HOOG,3,2,617970
INK-OTHER-ATTACHED,3,2,61223
INK-HP-PRIMARY,3,2,454437
TONER-OTHER-ATTACHED,3,2,532423
LES-SEG-MID,3,2,494283
INK-OTHER-ATTACHED,3,2,665657
INK-HP-ATTACHED,3,2,509747
LES-SEG-HOOG,3,2,664808
INK-HP-ATTACHED,3,2,170176
INK-OTHER-PRIMARY,3,2,660303
INK-HP-PRIMARY,3,2,53136
LES-SEG-HOOG,3,2,683704
INK-OTHER-ATTACHED,3,2,233357
TONER-OTHER-ATTACHED,3,2,605683
INK-OTHER-PRIMARY,3,2,171288
TONER-OTHER-ATTACHED,3,2,492128
IPS-SEG-MID2,3,1,519132
LES-SEG-MID,3,2,393337
LES-SEG-MID,3,2,485485
INK-OTHER-ATTACHED,3,2,673404
TONER-HP-PRIMARY,3,2,346596
INK-OTHER-PRIMARY,3,2,284244
INK-OTHER-PRIMARY,3,2,146876
INK-OTHER-PRIMARY,3,2,524775
INK-OTHER-ATTACHED,3,2,673294
TONER-HP-ATTACHED,3,2,137403
TONER-OTHER-ATTACHED,3,2,532302
INK-OTHER-ATTACHED,3,2,729788
INK-HP-ATTACHED,3,2,332578
INK-HP-ATTACHED,3,2,169983
INK-OTHER-ATTACHED,3,2,665653
INK-OTHER-ATTACHED,3,2,729751
IPS-SEG-MID1,3,1,669181
TONER-OTHER-ATTACHED,3,2,236552
TONER-OTHER-PRIMARY,3,2,325837
INK-HP-ATTACHED,3,2,332605
LES-SEG-HOOG,3,2,683705
INK-OTHER-ATTACHED,3,2,665646
INK-HP-ATTACHED,3,2,728477
TONER-OTHER-ATTACHED,3,2,606760
IPS-SEG-HOOG,3,2,387051
IPS-SEG-LAAG,3,1,380410
TONER-OTHER-ATTACHED,3,2,606763
TONER-OTHER-ATTACHED,3,2,606762
INK-OTHER-PRIMARY,3,2,232375
INK-OTHER-ATTACHED,3,2,660319
TONER-HP-ATTACHED,3,2,470682
TONER-OTHER-ATTACHED,3,2,605614
TONER-OTHER-ATTACHED,3,2,606569
INK-OTHER-PRIMARY,3,2,445579
TONER-OTHER-ATTACHED,3,2,606568
TONER-OTHER-ATTACHED,3,2,273495
TONER-OTHER-ATTACHED,3,2,532289
TONER-HP-PRIMARY,3,2,346566
LES-SEG-LAAG,3,1,380888
INK-OTHER-ATTACHED,3,2,730334
IPS-SEG-MID1,3,1,433966
TONER-OTHER-ATTACHED,3,2,325843
TONER-OTHER-ATTACHED,3,2,273505
LES-SEG-HOOG,3,2,616429
LES-SEG-HOOG,3,2,616428
LES-SEG-MID,3,2,315657
INK-OTHER-ATTACHED,3,2,273189
IPS-SEG-MID2,3,1,526071
LES-SEG-HOOG,3,2,616430
INK-HP-ATTACHED,3,2,52996
TONER-OTHER-PRIMARY,3,2,390458
INK-OTHER-ATTACHED,3,2,107702
INK-HP-ATTACHED,3,2,170190
TONER-OTHER-ATTACHED,3,2,569243
LES-SEG-MID,3,2,494325
INK-OTHER-ATTACHED,3,2,730351
INK-OTHER-ATTACHED,3,2,730338
TONER-HP-PRIMARY,3,2,289968
TONER-OTHER-ATTACHED,3,2,605611
INK-OTHER-ATTACHED,3,2,730350
INK-HP-PRIMARY,3,2,73055
INK-OTHER-PRIMARY,3,2,157460
IPS-SEG-HOOG,3,2,660264
INK-HP-ATTACHED,3,2,170192
TONER-OTHER-ATTACHED,3,2,605615
LES-SEG-MID,3,2,377848
INK-OTHER-ATTACHED,3,2,107708
LES-SEG-HOOG,3,2,616431
INK-HP-ATTACHED,3,2,332567
INK-OTHER-ATTACHED,3,2,524659
TONER-OTHER-PRIMARY,3,2,236768
INK-HP-PRIMARY,3,2,54692
INK-OTHER-ATTACHED,3,2,665650
INK-OTHER-ATTACHED,3,2,71627
TONER-OTHER-ATTACHED,3,2,325839
TONER-OTHER-ATTACHED,3,2,325838
INK-OTHER-ATTACHED,3,2,62737
INK-HP-PRIMARY,3,2,67265
TONER-OTHER-ATTACHED,3,2,532411
TONER-HP-PRIMARY,3,2,53127
INK-OTHER-ATTACHED,3,2,730340
LES-SEG-LAAG,3,1,500473
LES-SEG-HOOG,3,2,616416
TONER-HP-PRIMARY,3,2,62335
INK-OTHER-ATTACHED,3,2,233206
TONER-OTHER-ATTACHED,3,2,532419
TONER-OTHER-ATTACHED,3,2,532418
INK-OTHER-ATTACHED,3,2,673017
INK-OTHER-PRIMARY,3,2,66781
IPS-SEG-MID2,3,1,471142
TONER-OTHER-ATTACHED,3,2,633582
INK-HP-ATTACHED,3,2,724966
TONER-OTHER-ATTACHED,3,2,273499
IPS-SEG-HOOG,3,2,461584
INK-OTHER-ATTACHED,3,2,730349
TONER-OTHER-ATTACHED,3,2,532417
INK-HP-ATTACHED,3,2,170197
INK-HP-PRIMARY,3,2,170172
INK-OTHER-ATTACHED,3,2,730341
INK-HP-PRIMARY,3,2,170185
TONER-OTHER-PRIMARY,3,2,605851
INK-HP-PRIMARY,3,2,67266
INK-HP-PRIMARY,3,2,454522
INK-OTHER-ATTACHED,3,2,730344
INK-HP-ATTACHED,3,2,76476
INK-HP-ATTACHED,3,2,509774
INK-HP-ATTACHED,3,2,509776
INK-HP-ATTACHED,3,2,509775
INK-OTHER-ATTACHED,3,2,283150
TONER-OTHER-ATTACHED,3,2,605649
INK-OTHER-ATTACHED,3,2,665644
IPS-SEG-LAAG,3,1,380396
INK-OTHER-ATTACHED,3,2,660278
INK-HP-ATTACHED,3,2,332561
INK-OTHER-ATTACHED,3,2,559896
INK-OTHER-PRIMARY,3,2,61981
TONER-OTHER-ATTACHED,3,2,236551
INK-HP-ATTACHED,3,2,728531
INK-HP-ATTACHED,3,2,54694
INK-OTHER-ATTACHED,3,2,693932
TONER-HP-ATTACHED,3,2,519761
TONER-HP-ATTACHED,3,2,289967
INK-OTHER-ATTACHED,3,2,729797
INK-OTHER-ATTACHED,3,2,127522
TONER-OTHER-PRIMARY,3,2,369928
TONER-HP-ATTACHED,3,2,685862
TONER-HP-ATTACHED,3,2,685861
TONER-HP-ATTACHED,3,2,685867
TONER-OTHER-ATTACHED,3,2,605680
TONER-OTHER-ATTACHED,3,2,196359
INK-OTHER-PRIMARY,3,2,146879
LES-SEG-MID,3,2,62183
INK-HP-ATTACHED,3,2,76472
INK-OTHER-PRIMARY,3,2,61982
INK-OTHER-ATTACHED,3,2,273258
TONER-OTHER-ATTACHED,3,2,110147
IPS-BSINK,3,1,500580
TONER-OTHER-ATTACHED,3,2,236536
TONER-OTHER-PRIMARY,3,2,532391
TONER-HP-ATTACHED,3,2,289960
IPS-SEG-LAAG,3,1,729916
TONER-HP-PRIMARY,3,2,227389
TONER-OTHER-ATTACHED,3,2,606567
TONER-OTHER-ATTACHED,3,2,573284
TONER-OTHER-ATTACHED,3,2,236548
TONER-OTHER-ATTACHED,3,2,605737
LES-SEG-MID,3,2,461565
LES-SEG-HOOG,3,2,616333
INK-OTHER-ATTACHED,3,2,673018
INK-HP-PRIMARY,3,2,455759
INK-OTHER-ATTACHED,3,2,61714
LES-SEG-HOOG,3,2,316030
LES-SEG-HOOG,3,2,316035
SCAN-LAAG,3,2,510844
INK-HP-ATTACHED,3,2,454721
TONER-OTHER-ATTACHED,3,2,605739
INK-OTHER-PRIMARY,3,2,233105
LES-SEG-MID,3,2,315414
INK-HP-ATTACHED,3,2,410364
LES-SEG-HOOG,3,2,419410
SCAN-LAAG,3,2,361189
INK-OTHER-ATTACHED,3,2,524720
LES-SEG-HOOG,3,2,420189
LES-SEG-MID,3,2,500485
INK-HP-ATTACHED,3,2,59817
INK-HP-ATTACHED,3,2,332602
INK-HP-ATTACHED,3,2,332614
LES-SEG-HOOG,3,2,436819
TONER-OTHER-ATTACHED,3,2,605740
INK-HP-ATTACHED,3,2,135545
TONER-HP-ATTACHED,3,2,685856
TONER-OTHER-ATTACHED,3,2,235580
INK-HP-ATTACHED,3,2,509755
INK-HP-ATTACHED,3,2,509770
IPS-SEG-MID1,3,1,438334
INK-HP-ATTACHED,3,2,54695
TONER-OTHER-ATTACHED,3,2,633574
TONER-OTHER-ATTACHED,3,2,633580
TONER-OTHER-ATTACHED,3,2,605827
LES-SEG-MID,3,2,142224
TONER-HP-ATTACHED,3,2,80449
INK-OTHER-ATTACHED,3,2,532319
INK-OTHER-PRIMARY,3,2,61717
TONER-OTHER-ATTACHED,3,2,498283
TONER-OTHER-ATTACHED,3,2,125370
INK-HP-PRIMARY,3,2,468619
IPS-SEG-MID2,3,1,665879
TONER-HP-ATTACHED,3,2,685858
TONER-OTHER-ATTACHED,3,2,532473
INK-OTHER-ATTACHED,3,2,283234
TONER-HP-ATTACHED,3,2,174567
TONER-HP-ATTACHED,3,2,80450
TONER-HP-ATTACHED,3,2,80448
INK-OTHER-PRIMARY,3,2,191804
INK-HP-ATTACHED,3,2,59825
INK-HP-ATTACHED,3,2,169986
SCAN-LAAG,3,2,510850
INK-OTHER-ATTACHED,3,2,673411
INK-HP-PRIMARY,3,2,54693
INK-OTHER-ATTACHED,3,2,441045
INK-OTHER-ATTACHED,3,2,451768
LES-SEG-MID,3,2,629498
LES-SEG-MID,3,2,496200
TONER-OTHER-PRIMARY,3,2,116934
TONER-OTHER-ATTACHED,3,2,236559
SCAN-LAAG,3,2,352309
LES-SEG-MID,3,2,569356
INK-OTHER-PRIMARY,3,2,673021
INK-HP-ATTACHED,3,2,76470
LES-SEG-MID,3,2,142206
TONER-OTHER-ATTACHED,3,2,532398
INK-OTHER-PRIMARY,3,2,273245
LES-SEG-MID,3,2,522074
LES-SEG-MID,3,2,522710
INK-HP-ATTACHED,3,2,73321
INK-OTHER-ATTACHED,3,2,554114
INK-OTHER-ATTACHED,3,2,554118
INK-OTHER-ATTACHED,3,2,554147
TONER-OTHER-PRIMARY,3,2,664885
TONER-OTHER-PRIMARY,3,2,532393
TONER-OTHER-ATTACHED,3,2,543548
TONER-HP-ATTACHED,3,2,171431
LES-SEG-MID,3,2,522115
LES-SEG-MID,3,2,236714
LES-SEG-HOOG,3,2,411360
TONER-OTHER-ATTACHED,3,2,532403
TONER-HP-ATTACHED,3,2,52982
IPS-SEG-HOOG,3,2,660691
INK-HP-PRIMARY,3,2,454712
SCAN-LAAG,3,2,365459
INK-OTHER-PRIMARY,3,2,34244
SCAN-LAAG,3,2,624053
INK-OTHER-ATTACHED,3,2,61712
INK-OTHER-ATTACHED,3,2,660285
TONER-OTHER-ATTACHED,3,2,573302
INK-HP-ATTACHED,3,2,468492
TONER-OTHER-ATTACHED,3,2,236556
TONER-OTHER-PRIMARY,3,2,532407
TONER-OTHER-ATTACHED,3,2,327065
INK-HP-ATTACHED,3,2,455742
TONER-OTHER-ATTACHED,3,2,532431
INK-HP-PRIMARY,3,2,454391
LES-SEG-MID,3,2,683707
LES-SEG-HOOG,3,2,683709
INK-OTHER-ATTACHED,3,2,127533
INK-HP-ATTACHED,3,2,76474
INK-OTHER-ATTACHED,3,2,532098
LES-SEG-MID,3,2,474425
LES-SEG-HOOG,3,2,543728
IPS-SEG-MID2,3,1,665894
INK-OTHER-PRIMARY,3,2,232330
INK-OTHER-PRIMARY,3,2,451778
LES-SEG-HOOG,3,2,494496
LES-SEG-HOOG,3,2,688489
SCAN-LAAG,3,2,365022
INK-OTHER-PRIMARY,3,2,532101
TONER-OTHER-ATTACHED,3,2,110146
TONER-OTHER-ATTACHED,3,2,236544
LES-SEG-MID,3,2,683708
INK-OTHER-ATTACHED,3,2,532102
TONER-OTHER-ATTACHED,3,2,386516
TONER-OTHER-ATTACHED,3,2,543536
INK-HP-ATTACHED,3,2,62332
INK-OTHER-PRIMARY,3,2,532161
TONER-OTHER-PRIMARY,3,2,709839
IPS-SEG-HOOG,3,2,617321
INK-OTHER-ATTACHED,3,2,553971
TONER-HP-ATTACHED,3,2,134394
TONER-OTHER-ATTACHED,3,2,110149
INK-HP-ATTACHED,3,2,509768
LES-SEG-HOOG,3,2,717589
TONER-OTHER-ATTACHED,3,2,124614
INK-OTHER-ATTACHED,3,2,532099
INK-OTHER-PRIMARY,3,2,405977
INK-OTHER-ATTACHED,3,2,532097
INK-OTHER-PRIMARY,3,2,532163
INK-HP-PRIMARY,3,2,170159
TONER-OTHER-PRIMARY,3,2,532410
LES-SEG-HOOG,3,2,688476
INK-HP-ATTACHED,3,2,67279
TONER-HP-PRIMARY,3,2,289957
INK-OTHER-ATTACHED,3,2,524755
INK-OTHER-ATTACHED,3,2,524756
INK-OTHER-ATTACHED,3,2,524772
INK-OTHER-PRIMARY,3,2,524793
INK-HP-PRIMARY,3,2,53814
LES-SEG-HOOG,3,2,717590
LES-SEG-MID,3,2,485461
TONER-OTHER-ATTACHED,3,2,71101
IPS-SEG-MID2,3,1,507001
TONER-OTHER-ATTACHED,3,2,189171
INK-HP-ATTACHED,3,2,53912
TONER-HP-ATTACHED,3,2,609434
INK-OTHER-ATTACHED,3,2,707454
LES-SEG-HOOG,3,2,571586
TONER-OTHER-ATTACHED,3,2,125376
TONER-OTHER-PRIMARY,3,2,236771
SCAN-LAAG,3,2,365349
TONER-OTHER-ATTACHED,3,2,605836
LES-SEG-MID,3,2,573146
INK-OTHER-PRIMARY,3,2,284885
TONER-OTHER-PRIMARY,3,2,87625
LES-SEG-MID,3,2,436198
LES-SEG-MID,3,2,424805
LES-SEG-LAAG,3,1,414942
IPS-SEG-HOOG,3,2,409775
INK-HP-ATTACHED,3,2,724973
LES-SEG-MID,3,2,573156
INK-HP-ATTACHED,3,2,273561
LES-SEG-MID,3,2,435906
TONER-HP-ATTACHED,3,2,614815
TONER-OTHER-ATTACHED,3,2,605717
INK-OTHER-PRIMARY,3,2,107712
INK-HP-ATTACHED,3,2,724974
INK-HP-ATTACHED,3,2,724976
INK-HP-ATTACHED,3,2,724975
INK-OTHER-PRIMARY,3,2,492753
INK-HP-ATTACHED,3,2,468940
INK-HP-ATTACHED,3,2,67280
TONER-OTHER-PRIMARY,3,2,52801
TONER-OTHER-PRIMARY,3,2,605617
IPS-SEG-HOOG,3,2,492645
IPS-SEG-MID2,3,1,470785
TONER-OTHER-ATTACHED,3,2,573304
TONER-OTHER-ATTACHED,3,2,498287
TONER-OTHER-ATTACHED,3,2,498290
TONER-OTHER-ATTACHED,3,2,498291
INK-HP-ATTACHED,3,2,67281
LES-SEG-MID,3,2,522784
LES-SEG-MID,3,2,124950
TONER-OTHER-ATTACHED,3,2,382954
INK-OTHER-PRIMARY,3,2,52723
INK-HP-PRIMARY,3,2,53817
SCAN-LAAG,3,2,159988
SCAN-LAAG,3,2,400803
TONER-OTHER-ATTACHED,3,2,532305
TONER-OTHER-ATTACHED,3,2,715299
INK-OTHER-ATTACHED,3,2,273175
INK-OTHER-ATTACHED,3,2,20474
LES-SEG-HOOG,3,2,522824
LES-SEG-HOOG,3,2,685108
LES-SEG-HOOG,3,2,685109
LES-SEG-HOOG,3,2,235806
INK-OTHER-ATTACHED,3,2,146838
INK-HP-ATTACHED,3,2,273557
TONER-HP-ATTACHED,3,2,614810
LES-SEG-MID,3,2,413110
INK-OTHER-PRIMARY,3,2,673019
TONER-OTHER-PRIMARY,3,2,693943
INK-OTHER-PRIMARY,3,2,73280
INK-OTHER-ATTACHED,3,2,227661
TONER-HP-ATTACHED,3,2,685857
TONER-OTHER-ATTACHED,3,2,325846
TONER-OTHER-ATTACHED,3,2,325849
TONER-HP-PRIMARY,3,2,117131
TONER-OTHER-PRIMARY,3,2,325850
TONER-HP-ATTACHED,3,2,137405
TONER-HP-ATTACHED,3,2,137407
LES-SEG-HOOG,3,2,688493
INK-OTHER-ATTACHED,3,2,107586
INK-OTHER-ATTACHED,3,2,107587
SCAN-LAAG,3,2,365352
TONER-HP-ATTACHED,3,2,137406
TONER-OTHER-ATTACHED,3,2,606571
IPS-SEG-MID2,3,1,530039
TONER-OTHER-ATTACHED,3,2,110148
TONER-OTHER-PRIMARY,3,2,132027
LES-SEG-HOOG,3,2,685110
INK-OTHER-ATTACHED,3,2,20475
TONER-OTHER-ATTACHED,3,2,475288
TONER-OTHER-ATTACHED,3,2,475289
TONER-OTHER-ATTACHED,3,2,475290
INK-OTHER-ATTACHED,3,2,107585
TONER-OTHER-ATTACHED,3,2,543546
INK-HP-ATTACHED,3,2,721598
TONER-OTHER-ATTACHED,3,2,125374
LES-SEG-LAAG,3,1,106306
INK-OTHER-ATTACHED,3,2,607635
TONER-HP-PRIMARY,3,2,80447
INK-OTHER-ATTACHED,3,2,20472
TONER-HP-ATTACHED,3,2,202732
INK-OTHER-PRIMARY,3,2,607620
LES-SEG-HOOG,3,2,235755
INK-OTHER-ATTACHED,3,2,127530
TONER-OTHER-PRIMARY,3,2,461548
INK-HP-PRIMARY,3,2,468658
LES-SEG-LAAG,3,1,106309
LES-SEG-HOOG,3,2,417080
LES-SEG-LAAG,3,1,596541
TONER-OTHER-ATTACHED,3,2,52802
TONER-HP-PRIMARY,3,2,346614
LES-SEG-MID,3,2,485517
TONER-HP-ATTACHED,3,2,459030
INK-OTHER-ATTACHED,3,2,575791
INK-OTHER-ATTACHED,3,2,575805
INK-OTHER-ATTACHED,3,2,575781
INK-OTHER-ATTACHED,3,2,575666
INK-HP-ATTACHED,3,2,53767
INK-OTHER-PRIMARY,3,2,607624
LES-SEG-HOOG,3,2,688498
INK-OTHER-ATTACHED,3,2,575802
TONER-OTHER-ATTACHED,3,2,87627
SCAN-LAAG,3,2,365458
SCAN-LAAG,3,2,200480
IPS-BSINK,3,1,198610
LES-SEG-HOOG,3,2,567113
TONER-OTHER-ATTACHED,3,2,124955
INK-OTHER-PRIMARY,3,2,470000
INK-OTHER-ATTACHED,3,2,61218
INK-OTHER-PRIMARY,3,2,518089
INK-OTHER-PRIMARY,3,2,607656
INK-HP-ATTACHED,3,2,721607
TONER-OTHER-PRIMARY,3,2,61715
TONER-HP-PRIMARY,3,2,227385
INK-HP-ATTACHED,3,2,468690
INK-OTHER-ATTACHED,3,2,75638
IPS-SEG-HOOG,3,2,664550
TONER-OTHER-ATTACHED,3,2,573303
TONER-OTHER-ATTACHED,3,2,71525
SCAN-LAAG,3,2,412274
INK-HP-ATTACHED,3,2,660167
TONER-OTHER-PRIMARY,3,2,532284
TONER-OTHER-ATTACHED,3,2,62562
INK-OTHER-PRIMARY,3,2,227699
TONER-HP-ATTACHED,3,2,73386
TONER-OTHER-PRIMARY,3,2,532395
TONER-HP-ATTACHED,3,2,346664
INK-HP-ATTACHED,3,2,169988
SCAN-LAAG,3,2,380665
SCAN-LAAG,3,2,183437
TONER-OTHER-ATTACHED,3,2,125372
IPS-BSINK,3,1,605139
TONER-HP-ATTACHED,3,2,685854
INK-HP-ATTACHED,3,2,59819
INK-HP-PRIMARY,3,2,468844
INK-HP-ATTACHED,3,2,73323
SCAN-LAAG,3,2,624134
INK-OTHER-ATTACHED,3,2,110150
TONER-OTHER-ATTACHED,3,2,462838
LES-SEG-LAAG,3,1,596562
LES-SEG-LAAG,3,1,485256
INK-OTHER-PRIMARY,3,2,227713
TONER-OTHER-ATTACHED,3,2,606712
LES-SEG-HOOG,3,2,461532
INK-OTHER-PRIMARY,3,2,61710
IPS-SEG-HOOG,3,2,664517
LES-SEG-MID,3,2,510865
LES-SEG-HOOG,3,2,478228
TONER-OTHER-ATTACHED,3,2,98265
LES-SEG-HOOG,3,2,484702
TONER-HP-ATTACHED,3,2,609451
INK-OTHER-ATTACHED,3,2,273185
INK-OTHER-ATTACHED,3,2,227523
LES-SEG-MID,3,2,476631
IPS-BSINK,3,1,671263
TONER-HP-ATTACHED,3,2,346364
LES-SEG-HOOG,3,2,494357
LES-SEG-HOOG,3,2,714307
INK-OTHER-ATTACHED,3,2,451742
INK-OTHER-ATTACHED,3,2,451748
INK-OTHER-ATTACHED,3,2,532111
TONER-HP-ATTACHED,3,2,171666
INK-HP-ATTACHED,3,2,169987
IPS-BSINK,3,1,510218
SCAN-LAAG,3,2,365463
INK-OTHER-PRIMARY,3,2,607659
INK-OTHER-ATTACHED,3,2,532278
INK-OTHER-PRIMARY,3,2,107703
INK-OTHER-PRIMARY,3,2,665669
INK-OTHER-ATTACHED,3,2,107584
TONER-OTHER-ATTACHED,3,2,462876
LES-SEG-MID,3,2,315536
INK-HP-ATTACHED,3,2,454681
INK-HP-ATTACHED,3,2,455815
SCAN-HOOG,3,2,316132
SCAN-HOOG,3,2,369489
SCAN-HOOG,3,2,624192
INK-OTHER-ATTACHED,3,2,233285
INK-OTHER-ATTACHED,3,2,233354
INK-OTHER-ATTACHED,3,2,233344
TONER-OTHER-ATTACHED,3,2,142977
TONER-OTHER-ATTACHED,3,2,87626
TONER-OTHER-ATTACHED,3,2,87628
SCAN-HOOG,3,2,413124
TONER-OTHER-ATTACHED,3,2,235582
TONER-OTHER-ATTACHED,3,2,235586
TONER-OTHER-ATTACHED,3,2,235584
TONER-HP-ATTACHED,3,2,227392
LES-SEG-HOOG,3,2,461524
TONER-HP-ATTACHED,3,2,647931
TONER-HP-ATTACHED,3,2,647940
INK-OTHER-PRIMARY,3,2,380812
TONER-OTHER-ATTACHED,3,2,569230
TONER-OTHER-ATTACHED,3,2,597007
INK-OTHER-ATTACHED,3,2,109801
INK-OTHER-ATTACHED,3,2,109802
TONER-OTHER-ATTACHED,3,2,189192
LES-SEG-HOOG,3,2,170336
INK-OTHER-ATTACHED,3,2,73257
INK-OTHER-ATTACHED,3,2,127546
INK-OTHER-ATTACHED,3,2,61713
TONER-OTHER-ATTACHED,3,2,514628
INK-OTHER-ATTACHED,3,2,538713
TONER-OTHER-ATTACHED,3,2,514620
TONER-OTHER-ATTACHED,3,2,514638
INK-OTHER-ATTACHED,3,2,664737
TONER-OTHER-ATTACHED,3,2,514632
INK-HP-ATTACHED,3,2,469625
INK-HP-ATTACHED,3,2,273558
INK-HP-ATTACHED,3,2,273559
TONER-HP-PRIMARY,3,2,53907
TONER-OTHER-ATTACHED,3,2,693950
SCAN-HOOG,3,2,183376
TONER-OTHER-ATTACHED,3,2,715291
SCAN-HOOG,3,2,102842
SCAN-HOOG,3,2,547863
TONER-HP-PRIMARY,3,2,198732
TONER-OTHER-ATTACHED,3,2,693947
TONER-OTHER-ATTACHED,3,2,693951
TONER-OTHER-PRIMARY,3,2,532312
LES-SEG-HOOG,3,2,714317
INK-OTHER-ATTACHED,3,2,146852
TONER-HP-ATTACHED,3,2,53128
TONER-HP-ATTACHED,3,2,53130
INK-OTHER-ATTACHED,3,2,665661
INK-OTHER-ATTACHED,3,2,20476
TONER-HP-ATTACHED,3,2,53129
INK-OTHER-ATTACHED,3,2,233112
TONER-OTHER-ATTACHED,3,2,189196
INK-HP-PRIMARY,3,2,53137
INK-HP-PRIMARY,3,2,468840
IPS-BSINK,3,1,364948
SCAN-HOOG,3,2,215692
INK-OTHER-ATTACHED,3,2,607661
LES-SEG-MID,3,2,380803
INK-OTHER-PRIMARY,3,2,607597
TONER-OTHER-ATTACHED,3,2,235593
IPS-SEG-HOOG,3,2,198603
TONER-OTHER-ATTACHED,3,2,124620
TONER-OTHER-PRIMARY,3,2,124619
LES-SEG-HOOG,3,2,235532
INK-OTHER-ATTACHED,3,2,146855
SCAN-HOOG,3,2,161798
TONER-HP-ATTACHED,3,2,174559
INK-HP-ATTACHED,3,2,721603
TONER-OTHER-PRIMARY,3,2,169992
TONER-OTHER-ATTACHED,3,2,596987
TONER-HP-ATTACHED,3,2,227350
INK-OTHER-ATTACHED,3,2,405975
INK-OTHER-ATTACHED,3,2,405976
INK-OTHER-PRIMARY,3,2,283124
INK-HP-ATTACHED,3,2,73317
IPS-BSINK,3,1,697808
TONER-HP-ATTACHED,3,2,609454
SCAN-HOOG,3,2,343372
INK-OTHER-PRIMARY,3,2,405969
INK-OTHER-ATTACHED,3,2,470100
INK-OTHER-ATTACHED,3,2,227677
INK-HP-ATTACHED,3,2,273560
TONER-HP-ATTACHED,3,2,610373
IPS-BSINK,3,1,697938
IPS-BSINK,3,1,365575
TONER-HP-ATTACHED,3,2,705254
TONER-OTHER-ATTACHED,3,2,693938
INK-OTHER-ATTACHED,3,2,127542
TONER-OTHER-PRIMARY,3,2,474164
INK-OTHER-ATTACHED,3,2,492771
INK-OTHER-ATTACHED,3,2,492774
INK-OTHER-ATTACHED,3,2,492773
INK-OTHER-PRIMARY,3,2,71472
INK-OTHER-ATTACHED,3,2,71473
INK-OTHER-ATTACHED,3,2,71475
INK-OTHER-ATTACHED,3,2,71478
INK-OTHER-ATTACHED,3,2,71480
INK-OTHER-ATTACHED,3,2,575822
INK-OTHER-ATTACHED,3,2,575817
INK-OTHER-ATTACHED,3,2,575799
IPS-SEG-HOOG,3,2,561600
SCAN-HOOG,3,2,566387
INK-HP-ATTACHED,3,2,456037
TONER-OTHER-PRIMARY,3,2,124618
INK-OTHER-PRIMARY,3,2,532074
INK-OTHER-ATTACHED,3,2,532487
INK-OTHER-PRIMARY,3,2,107588
IPS-BSINK,3,1,365623
LES-SEG-MID,3,2,571186
LES-SEG-HOOG,3,2,714318
TONER-OTHER-ATTACHED,3,2,52805
TONER-OTHER-ATTACHED,3,2,498280
INK-OTHER-ATTACHED,3,2,61217
INK-OTHER-ATTACHED,3,2,451731
INK-OTHER-ATTACHED,3,2,209032
SCAN-HOOG,3,2,397808
TONER-OTHER-PRIMARY,3,2,104309
INK-HP-ATTACHED,3,2,721606
IPS-BSINK,3,1,619880
SCAN-HOOG,3,2,580657
SCAN-HOOG,3,2,392111
TONER-OTHER-ATTACHED,3,2,715290
INK-HP-ATTACHED,3,2,468452
INK-OTHER-ATTACHED,3,2,524669
LES-SEG-MID,3,2,273445
IPS-BSINK,3,1,500565
TONER-OTHER-ATTACHED,3,2,605817
TONER-OTHER-PRIMARY,3,2,606725
TONER-OTHER-ATTACHED,3,2,606739
TONER-OTHER-ATTACHED,3,2,475286
TONER-OTHER-ATTACHED,3,2,475394
INK-OTHER-ATTACHED,3,2,283271
IPS-BSINK,3,1,509967
LES-SEG-HOOG,3,2,605524
IPS-SEG-MID2,3,1,669185
INK-OTHER-ATTACHED,3,2,109924
INK-OTHER-PRIMARY,3,2,660306
TONER-HP-ATTACHED,3,2,117134
INK-OTHER-ATTACHED,3,2,110153
TONER-OTHER-ATTACHED,3,2,124954
INK-OTHER-ATTACHED,3,2,469795
INK-HP-PRIMARY,3,2,469642
INK-OTHER-ATTACHED,3,2,469828
LES-SEG-MID,3,2,596573
TONER-HP-ATTACHED,3,2,53903
SCAN-HOOG,3,2,679003
INK-OTHER-PRIMARY,3,2,524664
INK-OTHER-ATTACHED,3,2,524665
TONER-OTHER-ATTACHED,3,2,91811
INK-OTHER-ATTACHED,3,2,227585
TONER-OTHER-ATTACHED,3,2,606742
TONER-OTHER-ATTACHED,3,2,606741
LES-SEG-HOOG,3,2,236777
INK-OTHER-ATTACHED,3,2,470350
IPS-SEG-MID2,3,1,544723
LES-SEG-HOOG,3,2,475946
TONER-OTHER-ATTACHED,3,2,81951
INK-OTHER-ATTACHED,3,2,20458
INK-OTHER-ATTACHED,3,2,157476
TONER-OTHER-ATTACHED,3,2,475384
IPS-SEG-HOOG,3,2,575544
TONER-OTHER-ATTACHED,3,2,475428
INK-HP-PRIMARY,3,2,53925
INK-HP-ATTACHED,3,2,53921
TONER-OTHER-ATTACHED,3,2,475420
TONER-HP-ATTACHED,3,2,53120
SCAN-HOOG,3,2,183448
SCAN-HOOG,3,2,643752
SCAN-HOOG,3,2,685111
TONER-OTHER-ATTACHED,3,2,605810
TONER-OTHER-PRIMARY,3,2,606717
SCAN-HOOG,3,2,643900
SCAN-HOOG,3,2,295021
LES-SEG-HOOG,3,2,236818
INK-OTHER-PRIMARY,3,2,73256
INK-OTHER-PRIMARY,3,2,405974
INK-OTHER-ATTACHED,3,2,148831
SCAN-HOOG,3,2,643912
SCAN-HOOG,3,2,580681
LES-SEG-HOOG,3,2,598068
INK-OTHER-ATTACHED,3,2,88097
IPS-SEG-MID1,3,1,231961
INK-HP-ATTACHED,3,2,468860
INK-HP-ATTACHED,3,2,468888
INK-HP-ATTACHED,3,2,468873
TONER-HP-ATTACHED,3,2,62336
TONER-OTHER-ATTACHED,3,2,169990
TONER-HP-ATTACHED,3,2,202733
INK-HP-ATTACHED,3,2,277544
INK-HP-ATTACHED,3,2,277517
INK-HP-ATTACHED,3,2,277503
IPS-BSINK,3,1,723189
IPS-BSINK,3,1,723190
INK-OTHER-ATTACHED,3,2,607628
SCAN-HOOG,3,2,566264
TONER-HP-ATTACHED,3,2,647944
TONER-HP-ATTACHED,3,2,117135
TONER-HP-ATTACHED,3,2,117133
SCAN-HOOG,3,2,565369
TONER-HP-ATTACHED,3,2,202737
LES-SEG-MID,3,2,573181
TONER-OTHER-ATTACHED,3,2,92950
INK-OTHER-ATTACHED,3,2,283171
IPS-SEG-MID2,3,1,461587
INK-HP-ATTACHED,3,2,53133
TONER-OTHER-ATTACHED,3,2,124959
TONER-OTHER-ATTACHED,3,2,124960
INK-HP-ATTACHED,3,2,468937
TONER-HP-ATTACHED,3,2,53910
TONER-HP-ATTACHED,3,2,346496
TONER-OTHER-ATTACHED,3,2,469002
TONER-HP-ATTACHED,3,2,53908
TONER-HP-ATTACHED,3,2,346472
TONER-HP-PRIMARY,3,2,346636
TONER-OTHER-ATTACHED,3,2,715300
INK-OTHER-ATTACHED,3,2,469952
INK-OTHER-ATTACHED,3,2,469963
INK-OTHER-PRIMARY,3,2,61220
INK-OTHER-ATTACHED,3,2,284881
INK-OTHER-ATTACHED,3,2,580232
INK-OTHER-ATTACHED,3,2,580133
INK-OTHER-ATTACHED,3,2,660280
INK-HP-ATTACHED,3,2,468306
IPS-BSINK,3,1,469473
INK-OTHER-PRIMARY,3,2,532063
INK-OTHER-ATTACHED,3,2,451721
TONER-HP-ATTACHED,3,2,705253
TONER-OTHER-ATTACHED,3,2,474282
TONER-OTHER-ATTACHED,3,2,474267
TONER-HP-ATTACHED,3,2,68440
INK-OTHER-ATTACHED,3,2,470170
INK-OTHER-ATTACHED,3,2,470116
INK-OTHER-ATTACHED,3,2,470194
INK-OTHER-ATTACHED,3,2,470242
INK-OTHER-ATTACHED,3,2,470234
INK-OTHER-ATTACHED,3,2,284905
INK-OTHER-ATTACHED,3,2,284960
INK-OTHER-ATTACHED,3,2,92645
INK-OTHER-ATTACHED,3,2,92642
TONER-HP-ATTACHED,3,2,458936
LES-SEG-HOOG,3,2,573247
LES-SEG-HOOG,3,2,319304
TONER-OTHER-ATTACHED,3,2,644050
TONER-OTHER-ATTACHED,3,2,644060
TONER-OTHER-ATTACHED,3,2,644058
INK-OTHER-ATTACHED,3,2,233238
TONER-OTHER-ATTACHED,3,2,543511
TONER-HP-ATTACHED,3,2,174563
TONER-HP-ATTACHED,3,2,174560
TONER-OTHER-ATTACHED,3,2,114284
TONER-HP-ATTACHED,3,2,345995
TONER-HP-ATTACHED,3,2,345903
TONER-HP-ATTACHED,3,2,53909
SCAN-HOOG,3,2,494391
TONER-HP-ATTACHED,3,2,345872
LES-SEG-HOOG,3,2,461522
INK-OTHER-PRIMARY,3,2,73254
IPS-BSINK,3,1,723198
INK-OTHER-ATTACHED,3,2,380774
INK-HP-ATTACHED,3,2,53041
IPS-BSINK,3,1,723200
TONER-HP-ATTACHED,3,2,202734
INK-OTHER-ATTACHED,3,2,273227
INK-OTHER-ATTACHED,3,2,273237
LES-SEG-HOOG,3,2,472937
INK-OTHER-ATTACHED,3,2,492757
TONER-OTHER-ATTACHED,3,2,327057
INK-HP-ATTACHED,3,2,53040
INK-HP-ATTACHED,3,2,53765
LES-SEG-HOOG,3,2,567122
INK-OTHER-ATTACHED,3,2,532085
INK-HP-ATTACHED,3,2,468929
IPS-BSINK,3,1,723205
INK-OTHER-ATTACHED,3,2,660281
INK-HP-ATTACHED,3,2,721611
SCAN-HOOG,3,2,362324
INK-OTHER-ATTACHED,3,2,469792
INK-HP-PRIMARY,3,2,468549
TONER-HP-ATTACHED,3,2,685855
SCAN-HOOG,3,2,685112
INK-OTHER-ATTACHED,3,2,532265
INK-OTHER-ATTACHED,3,2,532264
TONER-OTHER-ATTACHED,3,2,532421
INK-OTHER-ATTACHED,3,2,110151
INK-OTHER-ATTACHED,3,2,110152
TONER-OTHER-ATTACHED,3,2,104313
TONER-OTHER-ATTACHED,3,2,104314
SCAN-HOOG,3,2,294674
INK-OTHER-ATTACHED,3,2,538712
TONER-HP-ATTACHED,3,2,53905
INK-OTHER-ATTACHED,3,2,492755
INK-OTHER-ATTACHED,3,2,492756
INK-OTHER-ATTACHED,3,2,559893
INK-OTHER-ATTACHED,3,2,559895
INK-OTHER-ATTACHED,3,2,687021
INK-OTHER-ATTACHED,3,2,687027
IPS-SEG-MID1,3,1,231953
TONER-OTHER-ATTACHED,3,2,196276
TONER-OTHER-ATTACHED,3,2,644063
INK-HP-ATTACHED,3,2,53880
IPS-BSINK,3,1,723206
IPS-BSINK,3,1,723210
TONER-OTHER-ATTACHED,3,2,532409
TONER-OTHER-PRIMARY,3,2,68139
TONER-HP-ATTACHED,3,2,609458
TONER-HP-ATTACHED,3,2,609459
SCAN-HOOG,3,2,679009
INK-OTHER-ATTACHED,3,2,607653
INK-OTHER-ATTACHED,3,2,666647
TONER-OTHER-ATTACHED,3,2,389967
TONER-OTHER-ATTACHED,3,2,52804
INK-OTHER-ATTACHED,3,2,109803
TONER-OTHER-ATTACHED,3,2,196268
SCAN-HOOG,3,2,718160
INK-OTHER-ATTACHED,3,2,538708
INK-OTHER-ATTACHED,3,2,470485
IPS-SEG-HOOG,3,2,617329
INK-OTHER-ATTACHED,3,2,660302
INK-HP-ATTACHED,3,2,726915
INK-HP-ATTACHED,3,2,53474
SCAN-HOOG,3,2,705947
INK-HP-ATTACHED,3,2,469376
INK-HP-ATTACHED,3,2,469652
INK-HP-PRIMARY,3,2,332581
INK-HP-ATTACHED,3,2,707432
LES-SEG-MID,3,2,485353
LES-SEG-HOOG,3,2,476700
TONER-OTHER-ATTACHED,3,2,91798
INK-OTHER-ATTACHED,3,2,469918
INK-OTHER-ATTACHED,3,2,451837
INK-OTHER-ATTACHED,3,2,107711
TONER-HP-ATTACHED,3,2,202730
TONER-OTHER-ATTACHED,3,2,191906
TONER-HP-ATTACHED,3,2,346677
TONER-HP-ATTACHED,3,2,346813
INK-HP-ATTACHED,3,2,73316
IPS-BSINK,3,1,723213
IPS-BSINK,3,1,329943
INK-HP-ATTACHED,3,2,707434
TONER-OTHER-PRIMARY,3,2,693952
TONER-HP-ATTACHED,3,2,346699
TONER-HP-ATTACHED,3,2,346801
TONER-OTHER-ATTACHED,3,2,596993
TONER-OTHER-PRIMARY,3,2,606856
TONER-OTHER-ATTACHED,3,2,597015
TONER-OTHER-ATTACHED,3,2,597012
LES-SEG-HOOG,3,2,664820
TONER-OTHER-ATTACHED,3,2,366231
LES-SEG-HOOG,3,2,170379
LES-SEG-HOOG,3,2,235853
LES-SEG-HOOG,3,2,235822
SCAN-HOOG,3,2,162870
SCAN-HOOG,3,2,469858
SCAN-HOOG,3,2,600383
LES-SEG-MID,3,2,485381
LES-SEG-HOOG,3,2,476119
INK-OTHER-PRIMARY,3,2,607614
INK-HP-PRIMARY,3,2,707439
INK-OTHER-ATTACHED,3,2,532295
INK-OTHER-ATTACHED,3,2,607642
INK-OTHER-ATTACHED,3,2,607645
SCAN-HOOG,3,2,566289
SCAN-HOOG,3,2,316077
SCAN-HOOG,3,2,718163
LES-SEG-HOOG,3,2,714316
SCAN-HOOG,3,2,362430
LES-SEG-HOOG,3,2,477053
INK-OTHER-ATTACHED,3,2,73259
INK-OTHER-ATTACHED,3,2,146846
INK-OTHER-ATTACHED,3,2,273213
INK-OTHER-ATTACHED,3,2,127545
INK-OTHER-ATTACHED,3,2,668978
INK-OTHER-ATTACHED,3,2,668987
SCAN-HOOG,3,2,162135
SCAN-HOOG,3,2,718161
SCAN-HOOG,3,2,718168
SCAN-HOOG,3,2,162308
SCAN-HOOG,3,2,705965
SCAN-HOOG,3,2,707309
SCAN-HOOG,3,2,707308
SCAN-HOOG,3,2,647273
INK-OTHER-ATTACHED,3,2,52931
SCAN-HOOG,3,2,679026
LES-SEG-HOOG,3,2,315898
LES-SEG-HOOG,3,2,415972
SCAN-HOOG,3,2,464275
SCAN-HOOG,3,2,392149
LES-SEG-HOOG,3,2,714314
LES-SEG-HOOG,3,2,714315
LES-SEG-HOOG,3,2,714319
LES-SEG-HOOG,3,2,477082
SCAN-HOOG,3,2,634868
SCAN-HOOG,3,2,707312
TONER-OTHER-ATTACHED,3,2,64674
TONER-OTHER-ATTACHED,3,2,92907
TONER-HP-ATTACHED,3,2,68453
TONER-HP-ATTACHED,3,2,68454
TONER-OTHER-ATTACHED,3,2,124956
TONER-OTHER-ATTACHED,3,2,124957
TONER-OTHER-ATTACHED,3,2,422045
TONER-OTHER-ATTACHED,3,2,493396
TONER-OTHER-ATTACHED,3,2,150571
TONER-HP-ATTACHED,3,2,68455
TONER-OTHER-ATTACHED,3,2,81954
TONER-OTHER-ATTACHED,3,2,81955
TONER-OTHER-ATTACHED,3,2,54510
TONER-OTHER-ATTACHED,3,2,54511
TONER-OTHER-ATTACHED,3,2,54512
TONER-OTHER-ATTACHED,3,2,191936
TONER-OTHER-ATTACHED,3,2,91804
TONER-OTHER-ATTACHED,3,2,81953
TONER-OTHER-ATTACHED,3,2,196234
TONER-OTHER-ATTACHED,3,2,191934
TONER-OTHER-ATTACHED,3,2,191930
TONER-OTHER-ATTACHED,3,2,62563
TONER-OTHER-ATTACHED,3,2,62564
TONER-OTHER-ATTACHED,3,2,104316
TONER-OTHER-ATTACHED,3,2,191908
TONER-OTHER-ATTACHED,3,2,327072
TONER-OTHER-ATTACHED,3,2,474255
TONER-OTHER-ATTACHED,3,2,596953
INK-OTHER-ATTACHED,3,2,380818
INK-OTHER-ATTACHED,3,2,469939
INK-OTHER-ATTACHED,3,2,469925
INK-OTHER-ATTACHED,3,2,61219
INK-OTHER-ATTACHED,3,2,665662
INK-OTHER-ATTACHED,3,2,665666
INK-OTHER-ATTACHED,3,2,665663
INK-OTHER-ATTACHED,3,2,103778
INK-OTHER-ATTACHED,3,2,31755
INK-OTHER-ATTACHED,3,2,31757
INK-OTHER-ATTACHED,3,2,103777
SCAN-HOOG,3,2,707313
LES-SEG-MID,3,2,713424
LES-SEG-HOOG,3,2,598111
LES-SEG-HOOG,3,2,596693
IPS-BSINK,3,1,539040
INK-OTHER-ATTACHED,3,2,380772
INK-OTHER-ATTACHED,3,2,501061
INK-OTHER-ATTACHED,3,2,501064
INK-OTHER-ATTACHED,3,2,501062
INK-OTHER-PRIMARY,3,2,538711
INK-OTHER-ATTACHED,3,2,155383
INK-OTHER-ATTACHED,3,2,155404
INK-OTHER-ATTACHED,3,2,155391
INK-OTHER-ATTACHED,3,2,155379
INK-OTHER-ATTACHED,3,2,155376
INK-OTHER-ATTACHED,3,2,155377
INK-OTHER-ATTACHED,3,2,155389
INK-OTHER-ATTACHED,3,2,155385
INK-OTHER-ATTACHED,3,2,326900
INK-OTHER-ATTACHED,3,2,470310
INK-OTHER-ATTACHED,3,2,470167
INK-OTHER-ATTACHED,3,2,470183
INK-OTHER-ATTACHED,3,2,470173
INK-OTHER-PRIMARY,3,2,113222
INK-OTHER-ATTACHED,3,2,148833
INK-OTHER-ATTACHED,3,2,148834
INK-OTHER-ATTACHED,3,2,113220
INK-OTHER-ATTACHED,3,2,88096
INK-OTHER-ATTACHED,3,2,88102
INK-OTHER-ATTACHED,3,2,88103
INK-OTHER-PRIMARY,3,2,88095
INK-OTHER-ATTACHED,3,2,88099
INK-OTHER-ATTACHED,3,2,103820
INK-OTHER-PRIMARY,3,2,88098
IPS-BSINK,3,1,329950
TONER-OTHER-ATTACHED,3,2,543534
TONER-OTHER-ATTACHED,3,2,543517
TONER-OTHER-ATTACHED,3,2,654436
IPS-BSINK,3,1,329935
INK-OTHER-ATTACHED,3,2,233212
INK-OTHER-ATTACHED,3,2,233235
INK-OTHER-ATTACHED,3,2,232362
INK-OTHER-ATTACHED,3,2,232374
INK-OTHER-ATTACHED,3,2,232366
INK-OTHER-ATTACHED,3,2,233123
INK-OTHER-ATTACHED,3,2,233132
INK-OTHER-ATTACHED,3,2,233127
INK-OTHER-ATTACHED,3,2,284897
INK-OTHER-ATTACHED,3,2,284909
INK-OTHER-ATTACHED,3,2,284959
INK-OTHER-ATTACHED,3,2,284971
INK-OTHER-ATTACHED,3,2,284940
INK-OTHER-ATTACHED,3,2,284914
INK-OTHER-ATTACHED,3,2,284983
INK-OTHER-ATTACHED,3,2,284952
INK-OTHER-ATTACHED,3,2,227716
INK-OTHER-ATTACHED,3,2,227738
INK-OTHER-ATTACHED,3,2,227726
INK-OTHER-ATTACHED,3,2,451842
INK-OTHER-ATTACHED,3,2,451838
INK-OTHER-ATTACHED,3,2,492759
IPS-SEG-HOOG,3,2,664610
IPS-SEG-HOOG,3,2,686649
IPS-SEG-HOOG,3,2,686929
INK-OTHER-ATTACHED,3,2,687028
INK-OTHER-ATTACHED,3,2,71479
INK-OTHER-ATTACHED,3,2,88117
INK-OTHER-ATTACHED,3,2,88119
INK-OTHER-ATTACHED,3,2,88121
INK-OTHER-ATTACHED,3,2,88122
INK-OTHER-ATTACHED,3,2,88123
INK-OTHER-ATTACHED,3,2,88124
INK-OTHER-ATTACHED,3,2,88125
INK-OTHER-ATTACHED,3,2,61910
INK-OTHER-ATTACHED,3,2,61911
INK-OTHER-ATTACHED,3,2,61914
INK-OTHER-ATTACHED,3,2,107704
INK-OTHER-ATTACHED,3,2,107705
INK-OTHER-ATTACHED,3,2,107709
INK-OTHER-ATTACHED,3,2,155860
INK-OTHER-ATTACHED,3,2,155861
INK-OTHER-ATTACHED,3,2,155865
INK-OTHER-ATTACHED,3,2,155867
INK-OTHER-ATTACHED,3,2,155868
INK-OTHER-ATTACHED,3,2,155869
INK-OTHER-ATTACHED,3,2,155870
INK-OTHER-ATTACHED,3,2,155871
INK-OTHER-ATTACHED,3,2,155872
INK-OTHER-ATTACHED,3,2,660283
INK-OTHER-ATTACHED,3,2,660287
INK-OTHER-ATTACHED,3,2,660292
INK-OTHER-ATTACHED,3,2,686653
INK-OTHER-ATTACHED,3,2,686650
INK-OTHER-ATTACHED,3,2,686652
INK-OTHER-ATTACHED,3,2,686654
INK-OTHER-ATTACHED,3,2,686659
INK-OTHER-ATTACHED,3,2,686657
INK-OTHER-ATTACHED,3,2,686655
INK-OTHER-ATTACHED,3,2,686656
INK-OTHER-ATTACHED,3,2,660311
INK-OTHER-ATTACHED,3,2,660313
INK-OTHER-ATTACHED,3,2,660314
INK-OTHER-ATTACHED,3,2,660316
INK-OTHER-ATTACHED,3,2,660320
INK-OTHER-ATTACHED,3,2,660322
INK-OTHER-ATTACHED,3,2,660327
INK-OTHER-ATTACHED,3,2,660332
INK-OTHER-ATTACHED,3,2,122929
INK-OTHER-ATTACHED,3,2,122930
INK-OTHER-ATTACHED,3,2,122931
INK-OTHER-ATTACHED,3,2,122933
INK-OTHER-ATTACHED,3,2,122935
INK-OTHER-ATTACHED,3,2,122942
INK-OTHER-ATTACHED,3,2,122944
INK-OTHER-ATTACHED,3,2,122948
INK-OTHER-ATTACHED,3,2,169876
INK-OTHER-ATTACHED,3,2,169882
INK-OTHER-ATTACHED,3,2,169892
INK-OTHER-ATTACHED,3,2,169897
INK-OTHER-ATTACHED,3,2,166054
INK-OTHER-ATTACHED,3,2,166057
INK-OTHER-ATTACHED,3,2,166062
INK-OTHER-ATTACHED,3,2,166044
INK-OTHER-ATTACHED,3,2,166049
INK-OTHER-ATTACHED,3,2,166051
INK-OTHER-ATTACHED,3,2,166052
INK-OTHER-ATTACHED,3,2,559938
INK-OTHER-ATTACHED,3,2,559940
INK-OTHER-ATTACHED,3,2,559960
INK-OTHER-ATTACHED,3,2,559962
INK-OTHER-ATTACHED,3,2,559927
INK-OTHER-ATTACHED,3,2,559929
INK-OTHER-ATTACHED,3,2,559936
INK-OTHER-ATTACHED,3,2,559937
INK-OTHER-ATTACHED,3,2,575683
INK-OTHER-ATTACHED,3,2,559897
INK-OTHER-ATTACHED,3,2,687004
INK-OTHER-ATTACHED,3,2,687011
INK-OTHER-ATTACHED,3,2,687014
INK-OTHER-ATTACHED,3,2,687018
INK-OTHER-ATTACHED,3,2,687020
INK-OTHER-ATTACHED,3,2,687025
INK-OTHER-ATTACHED,3,2,687026
IPS-BSINK,3,1,723214
IPS-SEG-MID2,3,1,561613
IPS-SEG-HOOG,3,2,560860
IPS-SEG-HOOG,3,2,561623
IPS-SEG-HOOG,3,2,560968
IPS-SEG-HOOG,3,2,561047
IPS-BSINK,3,1,723215
IPS-BSINK,3,1,717591
TONER-OTHER-ATTACHED,3,2,92909
INK-HP-ATTACHED,3,2,468908
INK-HP-ATTACHED,3,2,468497
TONER-OTHER-ATTACHED,3,2,91812
TONER-OTHER-ATTACHED,3,2,84889
TONER-OTHER-ATTACHED,3,2,543529
TONER-OTHER-ATTACHED,3,2,189188
TONER-OTHER-ATTACHED,3,2,92922
TONER-OTHER-ATTACHED,3,2,125126
TONER-OTHER-ATTACHED,3,2,493399
INK-HP-ATTACHED,3,2,468433
TONER-OTHER-ATTACHED,3,2,493400
TONER-OTHER-ATTACHED,3,2,62565
INK-HP-ATTACHED,3,2,468399
INK-HP-ATTACHED,3,2,469287
INK-HP-ATTACHED,3,2,726916
TONER-OTHER-ATTACHED,3,2,61716
TONER-OTHER-ATTACHED,3,2,92921
TONER-OTHER-ATTACHED,3,2,52803
TONER-OTHER-ATTACHED,3,2,596973
INK-HP-ATTACHED,3,2,726917
INK-HP-ATTACHED,3,2,726919
TONER-OTHER-ATTACHED,3,2,596880
TONER-OTHER-ATTACHED,3,2,52806
TONER-OTHER-ATTACHED,3,2,84892
TONER-OTHER-ATTACHED,3,2,84890
TONER-HP-ATTACHED,3,2,346215
INK-HP-ATTACHED,3,2,455801
INK-HP-ATTACHED,3,2,52989
INK-HP-ATTACHED,3,2,468529
INK-HP-ATTACHED,3,2,53472
INK-HP-PRIMARY,3,2,53043
INK-HP-ATTACHED,3,2,53044
TONER-OTHER-ATTACHED,3,2,654433
INK-HP-PRIMARY,3,2,468841
TONER-HP-ATTACHED,3,2,469754
TONER-OTHER-PRIMARY,3,2,54513
TONER-OTHER-ATTACHED,3,2,493397
TONER-OTHER-ATTACHED,3,2,493392
TONER-OTHER-ATTACHED,3,2,124958
TONER-OTHER-ATTACHED,3,2,236746
TONER-OTHER-ATTACHED,3,2,91810
TONER-OTHER-ATTACHED,3,2,529617
TONER-OTHER-ATTACHED,3,2,493389
TONER-HP-ATTACHED,3,2,53119
TONER-HP-ATTACHED,3,2,469739
TONER-OTHER-ATTACHED,3,2,654444
INK-HP-ATTACHED,3,2,455787
INK-HP-ATTACHED,3,2,53881
INK-HP-ATTACHED,3,2,469354
TONER-HP-ATTACHED,3,2,345764
TONER-HP-ATTACHED,3,2,346065
TONER-HP-ATTACHED,3,2,345960
TONER-OTHER-ATTACHED,3,2,571668
INK-HP-ATTACHED,3,2,410676
INK-HP-ATTACHED,3,2,410686
TONER-HP-ATTACHED,3,2,469731
TONER-OTHER-ATTACHED,3,2,236753
INK-HP-ATTACHED,3,2,53748
TONER-HP-ATTACHED,3,2,202729
TONER-OTHER-ATTACHED,3,2,84891
INK-HP-ATTACHED,3,2,721618
INK-HP-ATTACHED,3,2,721614
INK-HP-ATTACHED,3,2,721616
INK-HP-ATTACHED,3,2,169989
INK-HP-ATTACHED,3,2,73318
INK-HP-ATTACHED,3,2,73319
INK-HP-ATTACHED,3,2,73320
INK-HP-PRIMARY,3,2,111976
INK-HP-ATTACHED,3,2,724968
INK-HP-ATTACHED,3,2,724971
INK-HP-ATTACHED,3,2,724970
TONER-HP-ATTACHED,3,2,609441
TONER-HP-ATTACHED,3,2,609444
TONER-HP-ATTACHED,3,2,609448
IPS-BSINK,3,1,717593
IPS-BSINK,3,1,717585
IPS-BSINK,3,1,723219
IPS-BSINK,3,1,717587
IPS-BSINK,3,1,723217
TONER-OTHER-ATTACHED,3,2,529590
TONER-HP-ATTACHED,3,2,198736
IPS-SEG-MID2,3,1,726450
INK-OTHER-ATTACHED,3,2,92646
INK-OTHER-ATTACHED,3,2,92644
INK-OTHER-ATTACHED,3,2,92640
INK-OTHER-PRIMARY,3,2,607649
INK-OTHER-PRIMARY,3,2,607664
TONER-HP-ATTACHED,3,2,610551
TONER-HP-ATTACHED,3,2,202736
TONER-HP-ATTACHED,3,2,346482
TONER-HP-ATTACHED,3,2,610552
TONER-HP-ATTACHED,3,2,610553
TONER-HP-ATTACHED,3,2,346451
TONER-OTHER-PRIMARY,3,2,236766
TONER-OTHER-ATTACHED,3,2,493387
TONER-OTHER-ATTACHED,3,2,411227
TONER-HP-ATTACHED,3,2,227256
TONER-HP-ATTACHED,3,2,244971
TONER-OTHER-ATTACHED,3,2,411260
TONER-HP-ATTACHED,3,2,70744
INK-OTHER-ATTACHED,3,2,693935
INK-OTHER-PRIMARY,3,2,532165
INK-OTHER-ATTACHED,3,2,532167
TONER-HP-ATTACHED,3,2,80446
TONER-OTHER-ATTACHED,3,2,596976
TONER-OTHER-ATTACHED,3,2,382417
TONER-HP-ATTACHED,3,2,705246
TONER-HP-ATTACHED,3,2,346305
TONER-HP-ATTACHED,3,2,705250
TONER-HP-ATTACHED,3,2,705255
TONER-HP-ATTACHED,3,2,705256
TONER-HP-ATTACHED,3,2,705257
TONER-HP-ATTACHED,3,2,705259
TONER-HP-ATTACHED,3,2,705260
TONER-HP-ATTACHED,3,2,705261
TONER-HP-ATTACHED,3,2,705258
LES-SEG-MID,3,2,567153
LES-SEG-MID,3,2,414160
TONER-HP-ATTACHED,3,2,346379
TONER-HP-ATTACHED,3,2,346341
TONER-HP-ATTACHED,3,2,227336
TONER-HP-ATTACHED,3,2,458564
TONER-HP-ATTACHED,3,2,705252
TONER-HP-ATTACHED,3,2,227400
TONER-HP-ATTACHED,3,2,647948
TONER-HP-PRIMARY,3,2,53901
TONER-HP-ATTACHED,3,2,610670
INK-OTHER-PRIMARY,3,2,532262
INK-OTHER-PRIMARY,3,2,532271
IPS-BSINK,3,1,723184
INK-OTHER-PRIMARY,3,2,532096
INK-OTHER-PRIMARY,3,2,607636
TONER-OTHER-ATTACHED,3,2,693954
TONER-OTHER-ATTACHED,3,2,693953
TONER-OTHER-ATTACHED,3,2,693955
INK-OTHER-PRIMARY,3,2,532464
IPS-BSINK,3,1,723186
INK-OTHER-PRIMARY,3,2,532293
INK-OTHER-PRIMARY,3,2,607655
INK-OTHER-PRIMARY,3,2,532308
INK-OTHER-PRIMARY,3,2,532298
TONER-OTHER-ATTACHED,3,2,709295
TONER-OTHER-ATTACHED,3,2,709294
IPS-SEG-MID1,3,1,665870
TONER-OTHER-ATTACHED,3,2,664817
INK-OTHER-ATTACHED,3,2,64675
INK-OTHER-ATTACHED,3,2,64677
INK-OTHER-ATTACHED,3,2,64676
INK-OTHER-ATTACHED,3,2,666596
TONER-OTHER-ATTACHED,3,2,493393
TONER-OTHER-ATTACHED,3,2,235599
INK-OTHER-ATTACHED,3,2,666605
INK-OTHER-ATTACHED,3,2,666603
TONER-OTHER-ATTACHED,3,2,235595
INK-OTHER-ATTACHED,3,2,666616
TONER-OTHER-ATTACHED,3,2,715294
TONER-OTHER-PRIMARY,3,2,715296
TONER-OTHER-ATTACHED,3,2,715297
TONER-OTHER-ATTACHED,3,2,715298
TONER-OTHER-ATTACHED,3,2,715304
TONER-OTHER-ATTACHED,3,2,715301
TONER-OTHER-ATTACHED,3,2,715307
TONER-OTHER-ATTACHED,3,2,715309
TONER-OTHER-ATTACHED,3,2,382296
TONER-OTHER-ATTACHED,3,2,732571
TONER-OTHER-ATTACHED,3,2,732573
TONER-OTHER-ATTACHED,3,2,732575
TONER-OTHER-ATTACHED,3,2,733368
TONER-OTHER-ATTACHED,3,2,733372
TONER-OTHER-ATTACHED,3,2,733374
TONER-OTHER-ATTACHED,3,2,733375
TONER-OTHER-ATTACHED,3,2,733376
TONER-OTHER-ATTACHED,3,2,733378
TONER-OTHER-ATTACHED,3,2,733548
